Character;100 symbols;1000 symbols;10000 symbols;100000 symbols;All symbols
" ";13;15,5;15,81;15,749;15,752339
e;10;9,4;9,62;9,211;9,184863
r;9;4,9;4,78;4,993;5,079291
o;6;5,7;5,54;5,628;5,592223
l;5;2,5;3,55;3,161;3,161158
s;5;5,4;4,67;4,765;4,809886
a;5;8,3;6,33;6,629;6,594881
g;4;0,9;1,48;1,464;1,434987
n;4;5,1;5,66;5,767;5,744528
b;4;0,3;0,95;0,984;1,036761
t;4;4,8;6,4;6,4;6,360186
w;3;0,7;1,19;1,158;1,181152
v;3;0,5;0,67;0,79;0,753601
,;3;0,8;1,01;0,957;0,97383
i;3;6;5,8;5,71;5,713439
\r;2;0,6;0,39;0,411;0,413848
m;2;1,9;1,91;1,706;1,788039
p;2;1,8;1,46;1,413;1,420396
h;2;2,7;3,32;3,514;3,503919
f;2;2;1,61;1,594;1,605326
d;2;3,7;2,79;2,955;2,961875
y;1;1;1,1;1,211;1,165651
k;1;0,5;0,39;0,497;0,460166
D;1;0,6;0,14;0,151;0,161001
c;1;2,4;2,09;2,318;2,355981
9;1;0,2;0,26;0,231;0,247365
G;1;0;0,2;0,106;0,128869
C;1;0,2;0,29;0,346;0,32305
.;1;1,6;0,87;0,896;0,90751
u;0;2,7;1,92;1,983;1,994604
A;0;0,6;0,45;0,341;0,330122
T;0;0,6;0,22;0,351;0,360529
P;0;0,4;0,26;0,166;0,193197
0;0;0,4;0,37;0,349;0,337439
S;0;0,4;0,37;0,39;0,36049
M;0;0,4;0,25;0,245;0,240254
';0;0,3;0,17;0,135;0,144694
W;0;0,3;0,22;0,131;0,131417
2;0;0,3;0,37;0,273;0,254561
1;0;0,3;0,49;0,404;0,408352
F;0;0,2;0,12;0,156;0,147876
N;0;0,2;0,16;0,13;0,134078
B;0;0,2;0,24;0,224;0,219362
L;0;0,2;0,14;0,13;0,146832
U;0;0,2;0,05;0,077;0,072961
7;0;0,2;0,12;0,097;0,09812
I;0;0,2;0,15;0,253;0,231106
"""";0;0,2;0,48;0,416;0,400819
H;0;0,2;0,16;0,203;0,193121
\n;0;0,2;0,43;0,442;0,413848
3;0;0,2;0,11;0,097;0,103924
6;0;0,2;0,06;0,088;0,096725
V;0;0,2;0,07;0,051;0,059568
8;0;0,1;0,13;0,129;0,123201
x;0;0,1;0,12;0,146;0,141954
E;0;0,1;0,1;0,14;0,122643
j;0;0,1;0,08;0,094;0,079084
J;0;0,1;0,06;0,124;0,103707
(;0;0,1;0,16;0,137;0,132642
[;0;0,1;0;0,001;0,001405
R;0;0,1;0,18;0,157;0,159971
-;0;0;0,21;0,172;0,188246
z;0;0;0,18;0,099;0,092121
O;0;0;0,15;0,093;0,104068
5;0;0;0,14;0,081;0,106087
);0;0;0,12;0,142;0,132801
4;0;0;0,11;0,108;0,097097
q;0;0;0,11;0,072;0,065696
K;0;0;0,11;0,079;0,0802
–;0;0;0,05;0,04;0,036623
:;0;0;0,04;0,074;0,066414
";";0;0;0,03;0,025;0,027451
Y;0;0;0,03;0,031;0,028884
%;0;0;0,02;0,013;0,011778
&;0;0;0,02;0,008;0,007369
“;0;0;0,01;0,002;0,002416
ü;0;0;0,01;0,004;0,002662
í;0;0;0,01;0,004;0,003029
 ;0;0;0,01;0,014;0,01468
и;0;0;0,01;0;0,000312
*;0;0;0,01;0,001;0,000803
ă;0;0;0,01;0,001;0,000589
X;0;0;0,01;0,011;0,008493
/;0;0;0,01;0,02;0,01724
’;0;0;0,01;0,004;0,004712
Q;0;0;0,01;0,011;0,011254
о;0;0;0,01;0;0,000355
ó;0;0;0,01;0,008;0,002901
å;0;0;0,01;0,001;0,000398
ே;0;0;0,01;0;7E-06
?;0;0;0,01;0;0,001738
ö;0;0;0,01;0;0,002534
н;0;0;0,01;0;0,000268
‘;0;0;0,01;0;0,000688
ō;0;0;0,01;0;0,001354
Z;0;0;0;0,014;0,014557
é;0;0;0;0,01;0,010059
$;0;0;0;0,007;0,006761
£;0;0;0;0,006;0,001735
_;0;0;0;0,006;0,005493
!;0;0;0;0,004;0,005781
=;0;0;0;0,004;0,004961
ø;0;0;0;0,003;0,000728
á;0;0;0;0,003;0,004612
>;0;0;0;0,003;0,001866
”;0;0;0;0,003;0,002419
è;0;0;0;0,002;0,001322
—;0;0;0;0,002;0,00556
Š;0;0;0;0,002;0,0003
|;0;0;0;0,002;0,002791
ł;0;0;0;0,002;0,000705
æ;0;0;0;0,002;0,000272
ã;0;0;0;0,002;0,000867
в;0;0;0;0,001;0,000174
ū;0;0;0;0,001;0,000656
ñ;0;0;0;0,001;0,000931
گ;0;0;0;0,001;6E-06
ف;0;0;0;0,001;3,2E-05
ä;0;0;0;0,001;0,001545
č;0;0;0;0,001;0,000757
π;0;0;0;0,001;0,00011
υ;0;0;0;0,001;4,9E-05
#;0;0;0;0,001;0,001988
ṅ;0;0;0;0,001;2,2E-05
東;0;0;0;0,001;1,5E-05
ą;0;0;0;0,001;0,000112
音;0;0;0;0,001;6E-06
्;0;0;0;0,001;8,6E-05
真;0;0;0;0,001;4E-06
\;0;0;0;0,001;0,000181
«;0;0;0;0,001;5,4E-05
ā;0;0;0;0,001;0,002212
ṃ;0;0;0;0,001;2,3E-05
<;0;0;0;0,001;0,00177
α;0;0;0;0,001;0,000389
Ä;0;0;0;0,001;3,8E-05
°;0;0;0;0,001;0,000999
ī;0;0;0;0,001;0,000467
Ḥ;0;0;0;0,001;5,8E-05
Ṣ;0;0;0;0,001;9E-06
š;0;0;0;0,001;0,000975
ക;0;0;0;0,001;1,8E-05
ο;0;0;0;0,001;0,000168
Æ;0;0;0;0,001;9,9E-05
ı;0;0;0;0,001;0,000455
+;0;0;0;0,001;0,001605
ô;0;0;0;0,001;0,000443
×;0;0;0;0,001;0,0004
렬;0;0;0;0,001;0
•;0;0;0;0,001;0,000212
ّ;0;0;0;0,001;1,1E-05
Κ;0;0;0;0,001;2,2E-05
で;0;0;0;0,001;3E-06
];0;0;0;0,001;0,001009
х;0;0;0;0,001;3E-05
Á;0;0;0;0,001;0,00031
雷;0;0;0;0,001;1E-06
~;0;0;0;0,001;0,000217
ć;0;0;0;0;0,001618
ç;0;0;0;0;0,001045
É;0;0;0;0;0,000697
â;0;0;0;0;0,00069
ú;0;0;0;0;0,000675
à;0;0;0;0;0,000466
ë;0;0;0;0;0,000437
−;0;0;0;0;0,000411
а;0;0;0;0;0,00041
ș;0;0;0;0;0,0004
ž;0;0;0;0;0,00034
ê;0;0;0;0;0,000334
ń;0;0;0;0;0,000323
ş;0;0;0;0;0,000321
ð;0;0;0;0;0,0003
€;0;0;0;0;0,0003
…;0;0;0;0;0,0003
ß;0;0;0;0;0,000288
е;0;0;0;0;0,000274
{;0;0;0;0;0,000257
ا;0;0;0;0;0,000239
р;0;0;0;0;0,000239
ğ;0;0;0;0;0,000228
ʼ;0;0;0;0;0,000217
ï;0;0;0;0;0,000214
β;0;0;0;0;0,000208
ý;0;0;0;0;0,000204
ś;0;0;0;0;0,000195
Ö;0;0;0;0;0,000186
к;0;0;0;0;0,000185
с;0;0;0;0;0,000183
};0;0;0;0;0,000181
ř;0;0;0;0;0,000179
т;0;0;0;0;0,000178
î;0;0;0;0;0,000174
ț;0;0;0;0;0,00017
ē;0;0;0;0;0,000167
л;0;0;0;0;0,000164
μ;0;0;0;0;0,000162
Č;0;0;0;0;0,000161
½;0;0;0;0;0,000145
σ;0;0;0;0;0,000141
Ō;0;0;0;0;0,000141
ν;0;0;0;0;0,00014
ل;0;0;0;0;0,00014
Ž;0;0;0;0;0,000138
ě;0;0;0;0;0,000138
λ;0;0;0;0;0,000138
Đ;0;0;0;0;0,000137
ḥ;0;0;0;0;0,000137
²;0;0;0;0;0,000133
ι;0;0;0;0;0,000131
Å;0;0;0;0;0,000131
ρ;0;0;0;0;0,000126
ς;0;0;0;0;0,000125
·;0;0;0;0;0,000124
Ó;0;0;0;0;0,000124
İ;0;0;0;0;0,000121
ò;0;0;0;0;0,000116
đ;0;0;0;0;0,000114
ṭ;0;0;0;0;0,000114
ę;0;0;0;0;0,000114
ė;0;0;0;0;0,000112
τ;0;0;0;0;0,000112
ा;0;0;0;0;0,00011
ε;0;0;0;0;0,000108
ì;0;0;0;0;0,000106
ő;0;0;0;0;0,000106
Ś;0;0;0;0;0,000104
→;0;0;0;0;0,000101
ر;0;0;0;0;0,000101
ṇ;0;0;0;0;0,0001
±;0;0;0;0;0,0001
ḍ;0;0;0;0;0,0001
′;0;0;0;0;9,9E-05
ن;0;0;0;0;9,8E-05
д;0;0;0;0;9,7E-05
@;0;0;0;0;9,7E-05
ʻ;0;0;0;0;9,7E-05
κ;0;0;0;0;9,5E-05
ṣ;0;0;0;0;9,4E-05
ż;0;0;0;0;9,4E-05
Ø;0;0;0;0;9,2E-05
у;0;0;0;0;8,9E-05
و;0;0;0;0;8,8E-05
ي;0;0;0;0;8,7E-05
м;0;0;0;0;8,6E-05
γ;0;0;0;0;8,6E-05
م;0;0;0;0;8,5E-05
Ç;0;0;0;0;8,3E-05
்;0;0;0;0;8E-05
ʿ;0;0;0;0;7,9E-05
§;0;0;0;0;7,8E-05
δ;0;0;0;0;7,6E-05
Ş;0;0;0;0;7,4E-05
Î;0;0;0;0;7,4E-05
ب;0;0;0;0;7,3E-05
`;0;0;0;0;7,3E-05
й;0;0;0;0;7,3E-05
Ł;0;0;0;0;7,2E-05
õ;0;0;0;0;7,2E-05
ω;0;0;0;0;6,9E-05
η;0;0;0;0;6,9E-05
د;0;0;0;0;6,9E-05
र;0;0;0;0;6,7E-05
г;0;0;0;0;6,6E-05
ù;0;0;0;0;6,5E-05
″;0;0;0;0;6,5E-05
Ú;0;0;0;0;6,4E-05
س;0;0;0;0;6,2E-05
п;0;0;0;0;6,2E-05
я;0;0;0;0;6,1E-05
Ü;0;0;0;0;6E-05
ệ;0;0;0;0;6E-05
θ;0;0;0;0;6E-05
ы;0;0;0;0;5,9E-05
»;0;0;0;0;5,9E-05
 ;0;0;0;0;5,8E-05
û;0;0;0;0;5,8E-05
†;0;0;0;0;5,8E-05
ь;0;0;0;0;5,8E-05
ч;0;0;0;0;5,6E-05
ư;0;0;0;0;5,4E-05
ň;0;0;0;0;5,4E-05
Í;0;0;0;0;5,3E-05
ی;0;0;0;0;5,3E-05
Þ;0;0;0;0;5,1E-05
С;0;0;0;0;5E-05
ί;0;0;0;0;4,8E-05
б;0;0;0;0;4,8E-05
з;0;0;0;0;4,8E-05
ả;0;0;0;0;4,8E-05
ễ;0;0;0;0;4,8E-05
ạ;0;0;0;0;4,7E-05
Δ;0;0;0;0;4,7E-05
Ā;0;0;0;0;4,7E-05
ά;0;0;0;0;4,7E-05
क;0;0;0;0;4,7E-05
φ;0;0;0;0;4,6E-05
ت;0;0;0;0;4,6E-05
ό;0;0;0;0;4,6E-05
ə;0;0;0;0;4,6E-05
त;0;0;0;0;4,6E-05
œ;0;0;0;0;4,5E-05
ơ;0;0;0;0;4,5E-05
‑;0;0;0;0;4,5E-05
न;0;0;0;0;4,4E-05
ि;0;0;0;0;4,3E-05
ع;0;0;0;0;4,3E-05
П;0;0;0;0;4,3E-05
म;0;0;0;0;4,2E-05
^;0;0;0;0;4,2E-05
י;0;0;0;0;4,2E-05
χ;0;0;0;0;4,1E-05
К;0;0;0;0;4,1E-05
ź;0;0;0;0;4E-05
ị;0;0;0;0;4E-05
●;0;0;0;0;3,9E-05
ு;0;0;0;0;3,8E-05
Ż;0;0;0;0;3,8E-05
¥;0;0;0;0;3,8E-05
य;0;0;0;0;3,6E-05
µ;0;0;0;0;3,6E-05
Â;0;0;0;0;3,6E-05
स;0;0;0;0;3,6E-05
ế;0;0;0;0;3,6E-05
த;0;0;0;0;3,5E-05
М;0;0;0;0;3,5E-05
Ș;0;0;0;0;3,5E-05
ி;0;0;0;0;3,5E-05
ŏ;0;0;0;0;3,4E-05
ه;0;0;0;0;3,4E-05
ी;0;0;0;0;3,3E-05
≤;0;0;0;0;3,3E-05
А;0;0;0;0;3,2E-05
В;0;0;0;0;3,2E-05
ו;0;0;0;0;3,2E-05
े;0;0;0;0;3,2E-05
ţ;0;0;0;0;3,2E-05
ʾ;0;0;0;0;3,1E-05
₹;0;0;0;0;3,1E-05
≥;0;0;0;0;3,1E-05
大;0;0;0;0;3,1E-05
व;0;0;0;0;3E-05
Σ;0;0;0;0;3E-05
º;0;0;0;0;3E-05
ق;0;0;0;0;3E-05
ŋ;0;0;0;0;2,9E-05
і;0;0;0;0;2,9E-05
州;0;0;0;0;2,9E-05
ồ;0;0;0;0;2,9E-05
प;0;0;0;0;2,9E-05
ح;0;0;0;0;2,9E-05
ー;0;0;0;0;2,8E-05
द;0;0;0;0;2,8E-05
王;0;0;0;0;2,8E-05
ц;0;0;0;0;2,8E-05
ṛ;0;0;0;0;2,8E-05
്;0;0;0;0;2,8E-05
ம;0;0;0;0;2,8E-05
ё;0;0;0;0;2,8E-05
ك;0;0;0;0;2,8E-05
þ;0;0;0;0;2,7E-05
ल;0;0;0;0;2,7E-05
Ț;0;0;0;0;2,7E-05
Ω;0;0;0;0;2,7E-05
ա;0;0;0;0;2,6E-05
ή;0;0;0;0;2,6E-05
́;0;0;0;0;2,6E-05
ة;0;0;0;0;2,6E-05
ƒ;0;0;0;0;2,6E-05
க;0;0;0;0;2,5E-05
ầ;0;0;0;0;2,5E-05
Р;0;0;0;0;2,5E-05
ह;0;0;0;0;2,5E-05
О;0;0;0;0;2,5E-05
³;0;0;0;0;2,5E-05
ר;0;0;0;0;2,5E-05
‐;0;0;0;0;2,5E-05
Ć;0;0;0;0;2,4E-05
¡;0;0;0;0;2,4E-05
の;0;0;0;0;2,4E-05
Б;0;0;0;0;2,4E-05
ů;0;0;0;0;2,4E-05
า;0;0;0;0;2,4E-05
ج;0;0;0;0;2,4E-05
ش;0;0;0;0;2,4E-05
Т;0;0;0;0;2,3E-05
ン;0;0;0;0;2,3E-05
ु;0;0;0;0;2,3E-05
Г;0;0;0;0;2,3E-05
Π;0;0;0;0;2,3E-05
ர;0;0;0;0;2,3E-05
´;0;0;0;0;2,3E-05
山;0;0;0;0;2,3E-05
ш;0;0;0;0;2,3E-05
א;0;0;0;0;2,3E-05
Α;0;0;0;0;2,2E-05
أ;0;0;0;0;2,2E-05
ה;0;0;0;0;2,2E-05
έ;0;0;0;0;2,2E-05
ύ;0;0;0;0;2,2E-05
ं;0;0;0;0;2,2E-05
ל;0;0;0;0;2,2E-05
ж;0;0;0;0;2,2E-05
¢;0;0;0;0;2,2E-05
ǫ;0;0;0;0;2,2E-05
ọ;0;0;0;0;2,1E-05
ग;0;0;0;0;2,1E-05
≈;0;0;0;0;2,1E-05
‡;0;0;0;0;2,1E-05
中;0;0;0;0;2,1E-05
ʔ;0;0;0;0;2,1E-05
ன;0;0;0;0;2,1E-05
ộ;0;0;0;0;2E-05
া;0;0;0;0;2E-05
Н;0;0;0;0;2E-05
∈;0;0;0;0;1,9E-05
་;0;0;0;0;1,9E-05
Д;0;0;0;0;1,9E-05
ŵ;0;0;0;0;1,9E-05
Λ;0;0;0;0;1,9E-05
ல;0;0;0;0;1,9E-05
人;0;0;0;0;1,8E-05
ो;0;0;0;0;1,8E-05
Γ;0;0;0;0;1,8E-05
Ε;0;0;0;0;1,8E-05
¼;0;0;0;0;1,8E-05
∞;0;0;0;0;1,8E-05
ک;0;0;0;0;1,8E-05
ร;0;0;0;0;1,8E-05
À;0;0;0;0;1,8E-05
ụ;0;0;0;0;1,8E-05
文;0;0;0;0;1,8E-05
ÿ;0;0;0;0;1,8E-05
ப;0;0;0;0;1,7E-05
ز;0;0;0;0;1,7E-05
ľ;0;0;0;0;1,7E-05
ː;0;0;0;0;1,7E-05
ъ;0;0;0;0;1,7E-05
國;0;0;0;0;1,7E-05
ờ;0;0;0;0;1,7E-05
ʷ;0;0;0;0;1,7E-05
ņ;0;0;0;0;1,7E-05
מ;0;0;0;0;1,7E-05
ậ;0;0;0;0;1,6E-05
ɛ;0;0;0;0;1,6E-05
ട;0;0;0;0;1,6E-05
ħ;0;0;0;0;1,6E-05
َ;0;0;0;0;1,6E-05
ज;0;0;0;0;1,6E-05
ǎ;0;0;0;0;1,6E-05
Ψ;0;0;0;0;1,6E-05
น;0;0;0;0;1,6E-05
ב;0;0;0;0;1,6E-05
ण;0;0;0;0;1,6E-05
ʰ;0;0;0;0;1,6E-05
ẩ;0;0;0;0;1,6E-05
ா;0;0;0;0;1,6E-05
ა;0;0;0;0;1,5E-05
一;0;0;0;0;1,5E-05
李;0;0;0;0;1,5E-05
נ;0;0;0;0;1,5E-05
ற;0;0;0;0;1,5E-05
馬;0;0;0;0;1,5E-05
ữ;0;0;0;0;1,5E-05
ാ;0;0;0;0;1,5E-05
劉;0;0;0;0;1,5E-05
 ;0;0;0;0;1,5E-05
ட;0;0;0;0;1,5E-05
₱;0;0;0;0;1,5E-05
И;0;0;0;0;1,5E-05
ζ;0;0;0;0;1,5E-05
З;0;0;0;0;1,5E-05
ũ;0;0;0;0;1,5E-05
石;0;0;0;0;1,5E-05
̥;0;0;0;0;1,4E-05
ˈ;0;0;0;0;1,4E-05
武;0;0;0;0;1,4E-05
ố;0;0;0;0;1,4E-05
ط;0;0;0;0;1,4E-05
வ;0;0;0;0;1,4E-05
ש;0;0;0;0;1,4E-05
ം;0;0;0;0;1,4E-05
、;0;0;0;0;1,4E-05
日;0;0;0;0;1,4E-05
เ;0;0;0;0;1,4E-05
ŭ;0;0;0;0;1,4E-05
Л;0;0;0;0;1,3E-05
„;0;0;0;0;1,3E-05
ʽ;0;0;0;0;1,3E-05
ہ;0;0;0;0;1,3E-05
平;0;0;0;0;1,3E-05
子;0;0;0;0;1,3E-05
皇;0;0;0;0;1,3E-05
ِ;0;0;0;0;1,3E-05
司;0;0;0;0;1,3E-05
Μ;0;0;0;0;1,3E-05
च;0;0;0;0;1,3E-05
ง;0;0;0;0;1,3E-05
本;0;0;0;0;1,3E-05
ն;0;0;0;0;1,3E-05
国;0;0;0;0;1,3E-05
ր;0;0;0;0;1,3E-05
ų;0;0;0;0;1,3E-05
خ;0;0;0;0;1,3E-05
后;0;0;0;0;1,3E-05
ი;0;0;0;0;1,3E-05
ξ;0;0;0;0;1,3E-05
天;0;0;0;0;1,3E-05
র;0;0;0;0;1,3E-05
У;0;0;0;0;1,3E-05
ை;0;0;0;0;1,3E-05
ந;0;0;0;0;1,3E-05
È;0;0;0;0;1,2E-05
♭;0;0;0;0;1,2E-05
海;0;0;0;0;1,2E-05
三;0;0;0;0;1,2E-05
ว;0;0;0;0;1,2E-05
年;0;0;0;0;1,2E-05
ิ;0;0;0;0;1,2E-05
城;0;0;0;0;1,2E-05
南;0;0;0;0;1,2E-05
⟨;0;0;0;0;1,2E-05
⟩;0;0;0;0;1,2E-05
อ;0;0;0;0;1,2E-05
№;0;0;0;0;1,2E-05
Ο;0;0;0;0;1,2E-05
ब;0;0;0;0;1,2E-05
太;0;0;0;0;1,2E-05
ट;0;0;0;0;1,2E-05
श;0;0;0;0;1,2E-05
ി;0;0;0;0;1,2E-05
্;0;0;0;0;1,2E-05
ד;0;0;0;0;1,2E-05
ώ;0;0;0;0;1,1E-05
田;0;0;0;0;1,1E-05
・;0;0;0;0;1,1E-05
ť;0;0;0;0;1,1E-05
い;0;0;0;0;1,1E-05
¾;0;0;0;0;1,1E-05
道;0;0;0;0;1,1E-05
ǔ;0;0;0;0;1,1E-05
ת;0;0;0;0;1,1E-05
ắ;0;0;0;0;1,1E-05
陽;0;0;0;0;1,1E-05
（;0;0;0;0;1,1E-05
ม;0;0;0;0;1,1E-05
学;0;0;0;0;1,1E-05
ย;0;0;0;0;1,1E-05
ф;0;0;0;0;1,1E-05
）;0;0;0;0;1,1E-05
ス;0;0;0;0;1,1E-05
イ;0;0;0;0;1,1E-05
़;0;0;0;0;1,1E-05
ய;0;0;0;0;1,1E-05
ั;0;0;0;0;1,1E-05
ത;0;0;0;0;1,1E-05
西;0;0;0;0;1,1E-05
Ṭ;0;0;0;0;1,1E-05
ю;0;0;0;0;1,1E-05
®;0;0;0;0;1,1E-05
と;0;0;0;0;1,1E-05
Ι;0;0;0;0;1,1E-05
¿;0;0;0;0;1,1E-05
ص;0;0;0;0;1,1E-05
ĩ;0;0;0;0;1,1E-05
公;0;0;0;0;1,1E-05
ɨ;0;0;0;0;1E-05
小;0;0;0;0;1E-05
ル;0;0;0;0;1E-05
ŷ;0;0;0;0;1E-05
Φ;0;0;0;0;1E-05
Β;0;0;0;0;1E-05
新;0;0;0;0;1E-05
ấ;0;0;0;0;1E-05
Τ;0;0;0;0;1E-05
リ;0;0;0;0;1E-05
ď;0;0;0;0;1E-05
ע;0;0;0;0;1E-05
่;0;0;0;0;1E-05
ɔ;0;0;0;0;1E-05
ἀ;0;0;0;0;1E-05
̃;0;0;0;0;1E-05
이;0;0;0;0;1E-05
容;0;0;0;0;1E-05
慕;0;0;0;0;1E-05
明;0;0;0;0;1E-05
安;0;0;0;0;1E-05
ध;0;0;0;0;1E-05
ե;0;0;0;0;1E-05
ண;0;0;0;0;1E-05
苻;0;0;0;0;1E-05
ى;0;0;0;0;1E-05
ո;0;0;0;0;1E-05
ര;0;0;0;0;1E-05
э;0;0;0;0;9E-06
भ;0;0;0;0;9E-06
張;0;0;0;0;9E-06
ड;0;0;0;0;9E-06
ก;0;0;0;0;9E-06
上;0;0;0;0;9E-06
ן;0;0;0;0;9E-06
ǐ;0;0;0;0;9E-06
ח;0;0;0;0;9E-06
生;0;0;0;0;9E-06
≠;0;0;0;0;9E-06
」;0;0;0;0;9E-06
ُ;0;0;0;0;9E-06
ச;0;0;0;0;9E-06
ứ;0;0;0;0;9E-06
ด;0;0;0;0;9E-06
Х;0;0;0;0;9E-06
地;0;0;0;0;9E-06
五;0;0;0;0;9E-06
ℓ;0;0;0;0;9E-06
「;0;0;0;0;9E-06
ỳ;0;0;0;0;9E-06
―;0;0;0;0;9E-06
ト;0;0;0;0;9E-06
金;0;0;0;0;9E-06
ッ;0;0;0;0;9E-06
ի;0;0;0;0;9E-06
之;0;0;0;0;9E-06
ɪ;0;0;0;0;9E-06
ψ;0;0;0;0;9E-06
ļ;0;0;0;0;9E-06
高;0;0;0;0;9E-06
龍;0;0;0;0;9E-06
Θ;0;0;0;0;9E-06
ġ;0;0;0;0;9E-06
ợ;0;0;0;0;9E-06
会;0;0;0;0;8E-06
ク;0;0;0;0;8E-06
成;0;0;0;0;8E-06
Ħ;0;0;0;0;8E-06
ष;0;0;0;0;8E-06
⋅;0;0;0;0;8E-06
神;0;0;0;0;8E-06
元;0;0;0;0;8E-06
ű;0;0;0;0;8E-06
͟;0;0;0;0;8E-06
ћ;0;0;0;0;8E-06
Ν;0;0;0;0;8E-06
和;0;0;0;0;8E-06
ּ;0;0;0;0;8E-06
に;0;0;0;0;8E-06
်;0;0;0;0;8E-06
ẓ;0;0;0;0;8E-06
Œ;0;0;0;0;8E-06
™;0;0;0;0;8E-06
ם;0;0;0;0;8E-06
ე;0;0;0;0;8E-06
ি;0;0;0;0;8E-06
ล;0;0;0;0;8E-06
光;0;0;0;0;8E-06
ച;0;0;0;0;8E-06
ŝ;0;0;0;0;8E-06
⁠;0;0;0;0;8E-06
ท;0;0;0;0;8E-06
Е;0;0;0;0;8E-06
ử;0;0;0;0;8E-06
不;0;0;0;0;8E-06
ラ;0;0;0;0;8E-06
ू;0;0;0;0;8E-06
غ;0;0;0;0;8E-06
ḫ;0;0;0;0;8E-06
〈;0;0;0;0;8E-06
ئ;0;0;0;0;7E-06
ख;0;0;0;0;7E-06
ק;0;0;0;0;7E-06
∗;0;0;0;0;7E-06
〉;0;0;0;0;7E-06
全;0;0;0;0;7E-06
世;0;0;0;0;7E-06
。;0;0;0;0;7E-06
方;0;0;0;0;7E-06
Ñ;0;0;0;0;7E-06
Э;0;0;0;0;7E-06
學;0;0;0;0;7E-06
अ;0;0;0;0;7E-06
社;0;0;0;0;7E-06
щ;0;0;0;0;7E-06
，;0;0;0;0;7E-06
Χ;0;0;0;0;7E-06
ന;0;0;0;0;7E-06
北;0;0;0;0;7E-06
ส;0;0;0;0;7E-06
พ;0;0;0;0;7E-06
♯;0;0;0;0;7E-06
部;0;0;0;0;7E-06
¹;0;0;0;0;7E-06
香;0;0;0;0;7E-06
Ē;0;0;0;0;7E-06
ס;0;0;0;0;7E-06
ै;0;0;0;0;7E-06
る;0;0;0;0;7E-06
り;0;0;0;0;7E-06
ớ;0;0;0;0;7E-06
行;0;0;0;0;7E-06
ห;0;0;0;0;7E-06
บ;0;0;0;0;7E-06
כ;0;0;0;0;7E-06
川;0;0;0;0;7E-06
し;0;0;0;0;7E-06
ḳ;0;0;0;0;7E-06
ḷ;0;0;0;0;7E-06
ক;0;0;0;0;7E-06
ї;0;0;0;0;7E-06
പ;0;0;0;0;7E-06
മ;0;0;0;0;7E-06
ċ;0;0;0;0;7E-06
ں;0;0;0;0;7E-06
ి;0;0;0;0;7E-06
Ľ;0;0;0;0;7E-06
士;0;0;0;0;7E-06
帝;0;0;0;0;7E-06
長;0;0;0;0;7E-06
ꞌ;0;0;0;0;7E-06
동;0;0;0;0;7E-06
←;0;0;0;0;7E-06
ണ;0;0;0;0;7E-06
இ;0;0;0;0;7E-06
ள;0;0;0;0;7E-06
‎;0;0;0;0;6E-06
縣;0;0;0;0;6E-06
ھ;0;0;0;0;6E-06
ア;0;0;0;0;6E-06
Ô;0;0;0;0;6E-06
∂;0;0;0;0;6E-06
ɑ;0;0;0;0;6E-06
ন;0;0;0;0;6E-06
ლ;0;0;0;0;6E-06
ర;0;0;0;0;6E-06
義;0;0;0;0;6E-06
都;0;0;0;0;6E-06
ề;0;0;0;0;6E-06
ʃ;0;0;0;0;6E-06
آ;0;0;0;0;6E-06
Ф;0;0;0;0;6E-06
ു;0;0;0;0;6E-06
ས;0;0;0;0;6E-06
য;0;0;0;0;6E-06
්;0;0;0;0;6E-06
ี;0;0;0;0;6E-06
Ш;0;0;0;0;6E-06
た;0;0;0;0;6E-06
て;0;0;0;0;6E-06
陳;0;0;0;0;6E-06
ロ;0;0;0;0;6E-06
ָ;0;0;0;0;6E-06
ự;0;0;0;0;6E-06
Ц;0;0;0;0;6E-06
մ;0;0;0;0;6E-06
ʊ;0;0;0;0;6E-06
書;0;0;0;0;6E-06
建;0;0;0;0;6E-06
花;0;0;0;0;6E-06
ല;0;0;0;0;6E-06
ǒ;0;0;0;0;6E-06
ত;0;0;0;0;6E-06
ے;0;0;0;0;6E-06
్;0;0;0;0;6E-06
京;0;0;0;0;6E-06
宣;0;0;0;0;6E-06
女;0;0;0;0;6E-06
タ;0;0;0;0;6E-06
う;0;0;0;0;6E-06
コ;0;0;0;0;6E-06
̄;0;0;0;0;6E-06
百;0;0;0;0;6E-06
ṯ;0;0;0;0;6E-06
な;0;0;0;0;6E-06
心;0;0;0;0;6E-06
რ;0;0;0;0;6E-06
德;0;0;0;0;6E-06
ะ;0;0;0;0;6E-06
ん;0;0;0;0;6E-06
二;0;0;0;0;6E-06
美;0;0;0;0;6E-06
河;0;0;0;0;6E-06
้;0;0;0;0;6E-06
ג;0;0;0;0;6E-06
軍;0;0;0;0;6E-06
ւ;0;0;0;0;6E-06
林;0;0;0;0;6E-06
 ;0;0;0;0;6E-06
ỗ;0;0;0;0;6E-06
ј;0;0;0;0;6E-06
物;0;0;0;0;6E-06
樂;0;0;0;0;6E-06
ে;0;0;0;0;6E-06
Υ;0;0;0;0;6E-06
پ;0;0;0;0;6E-06
‌;0;0;0;0;6E-06
₴;0;0;0;0;6E-06
ķ;0;0;0;0;6E-06
⊂;0;0;0;0;6E-06
く;0;0;0;0;6E-06
ủ;0;0;0;0;6E-06
ோ;0;0;0;0;6E-06
̈;0;0;0;0;5E-06
マ;0;0;0;0;5E-06
פ;0;0;0;0;5E-06
立;0;0;0;0;5E-06
興;0;0;0;0;5E-06
≡;0;0;0;0;5E-06
ო;0;0;0;0;5E-06
郡;0;0;0;0;5E-06
通;0;0;0;0;5E-06
문;0;0;0;0;5E-06
도;0;0;0;0;5E-06
ག;0;0;0;0;5E-06
വ;0;0;0;0;5E-06
서;0;0;0;0;5E-06
ド;0;0;0;0;5E-06
์;0;0;0;0;5E-06
か;0;0;0;0;5E-06
ẹ;0;0;0;0;5E-06
月;0;0;0;0;5E-06
̀;0;0;0;0;5E-06
江;0;0;0;0;5E-06
Ἀ;0;0;0;0;5E-06
⅓;0;0;0;0;5E-06
ổ;0;0;0;0;5E-06
春;0;0;0;0;5E-06
シ;0;0;0;0;5E-06
Ч;0;0;0;0;5E-06
ض;0;0;0;0;5E-06
ể;0;0;0;0;5E-06
ْ;0;0;0;0;5E-06
ט;0;0;0;0;5E-06
ठ;0;0;0;0;5E-06
原;0;0;0;0;5E-06
յ;0;0;0;0;5E-06
ਾ;0;0;0;0;5E-06
।;0;0;0;0;5E-06
ს;0;0;0;0;5E-06
法;0;0;0;0;5E-06
こ;0;0;0;0;5E-06
水;0;0;0;0;5E-06
ต;0;0;0;0;5E-06
Η;0;0;0;0;5E-06
星;0;0;0;0;5E-06
校;0;0;0;0;5E-06
थ;0;0;0;0;5E-06
後;0;0;0;0;5E-06
レ;0;0;0;0;5E-06
ར;0;0;0;0;5E-06
̱;0;0;0;0;5E-06
사;0;0;0;0;5E-06
ெ;0;0;0;0;5E-06
ম;0;0;0;0;5E-06
ช;0;0;0;0;5E-06
　;0;0;0;0;5E-06
家;0;0;0;0;5E-06
ナ;0;0;0;0;5E-06
野;0;0;0;0;5E-06
إ;0;0;0;0;5E-06
永;0;0;0;0;5E-06
Я;0;0;0;0;5E-06
̓;0;0;0;0;5E-06
理;0;0;0;0;5E-06
̲;0;0;0;0;5E-06
Ī;0;0;0;0;5E-06
್;0;0;0;0;5E-06
‰;0;0;0;0;5E-06
ழ;0;0;0;0;5E-06
₸;0;0;0;0;5E-06
ు;0;0;0;0;5E-06
Ķ;0;0;0;0;5E-06
は;0;0;0;0;5E-06
ְ;0;0;0;0;5E-06
館;0;0;0;0;5E-06
キ;0;0;0;0;5E-06
廣;0;0;0;0;5E-06
華;0;0;0;0;5E-06
Ρ;0;0;0;0;5E-06
的;0;0;0;0;5E-06
朝;0;0;0;0;5E-06
字;0;0;0;0;5E-06
無;0;0;0;0;5E-06
ḵ;0;0;0;0;5E-06
Ř;0;0;0;0;5E-06
Ğ;0;0;0;0;5E-06
楊;0;0;0;0;5E-06
տ;0;0;0;0;5E-06
『;0;0;0;0;5E-06
』;0;0;0;0;5E-06
ொ;0;0;0;0;5E-06
白;0;0;0;0;5E-06
フ;0;0;0;0;5E-06
四;0;0;0;0;5E-06
八;0;0;0;0;5E-06
梁;0;0;0;0;5E-06
界;0;0;0;0;5E-06
官;0;0;0;0;5E-06
開;0;0;0;0;5E-06
ɣ;0;0;0;0;5E-06
英;0;0;0;0;5E-06
⊆;0;0;0;0;5E-06
お;0;0;0;0;5E-06
民;0;0;0;0;5E-06
¬;0;0;0;0;5E-06
བ;0;0;0;0;5E-06
ོ;0;0;0;0;5E-06
÷;0;0;0;0;5E-06
教;0;0;0;0;5E-06
ɜ;0;0;0;0;5E-06
ム;0;0;0;0;4E-06
れ;0;0;0;0;4E-06
手;0;0;0;0;4E-06
昭;0;0;0;0;4E-06
定;0;0;0;0;4E-06
信;0;0;0;0;4E-06
洋;0;0;0;0;4E-06
街;0;0;0;0;4E-06
カ;0;0;0;0;4E-06
周;0;0;0;0;4E-06
ာ;0;0;0;0;4E-06
आ;0;0;0;0;4E-06
ỏ;0;0;0;0;4E-06
ḏ;0;0;0;0;4E-06
古;0;0;0;0;4E-06
志;0;0;0;0;4E-06
郭;0;0;0;0;4E-06
북;0;0;0;0;4E-06
ַ;0;0;0;0;4E-06
়;0;0;0;0;4E-06
න;0;0;0;0;4E-06
ි;0;0;0;0;4E-06
ค;0;0;0;0;4E-06
刀;0;0;0;0;4E-06
₩;0;0;0;0;4E-06
ా;0;0;0;0;4E-06
국;0;0;0;0;4E-06
市;0;0;0;0;4E-06
木;0;0;0;0;4E-06
越;0;0;0;0;4E-06
名;0;0;0;0;4E-06
孫;0;0;0;0;4E-06
下;0;0;0;0;4E-06
段;0;0;0;0;4E-06
ジ;0;0;0;0;4E-06
ῖ;0;0;0;0;4E-06
を;0;0;0;0;4E-06
 ;0;0;0;0;4E-06
ป;0;0;0;0;4E-06
স;0;0;0;0;4E-06
대;0;0;0;0;4E-06
宗;0;0;0;0;4E-06
ூ;0;0;0;0;4E-06
夷;0;0;0;0;4E-06
↑;0;0;0;0;4E-06
리;0;0;0;0;4E-06
代;0;0;0;0;4E-06
ִ;0;0;0;0;4E-06
侯;0;0;0;0;4E-06
ז;0;0;0;0;4E-06
उ;0;0;0;0;4E-06
襄;0;0;0;0;4E-06
̪;0;0;0;0;4E-06
მ;0;0;0;0;4E-06
⊥;0;0;0;0;4E-06
史;0;0;0;0;4E-06
І;0;0;0;0;4E-06
ս;0;0;0;0;4E-06
្;0;0;0;0;4E-06
ீ;0;0;0;0;4E-06
ダ;0;0;0;0;4E-06
が;0;0;0;0;4E-06
雄;0;0;0;0;4E-06
有;0;0;0;0;4E-06
港;0;0;0;0;4E-06
度;0;0;0;0;4E-06
門;0;0;0;0;4E-06
ɲ;0;0;0;0;4E-06
寶;0;0;0;0;4E-06
˚;0;0;0;0;4E-06
情;0;0;0;0;4E-06
ौ;0;0;0;0;4E-06
ู;0;0;0;0;4E-06
ὶ;0;0;0;0;4E-06
合;0;0;0;0;4E-06
ব;0;0;0;0;4E-06
∴;0;0;0;0;4E-06
Ж;0;0;0;0;4E-06
韓;0;0;0;0;4E-06
ः;0;0;0;0;4E-06
چ;0;0;0;0;4E-06
ಕ;0;0;0;0;4E-06
所;0;0;0;0;4E-06
十;0;0;0;0;4E-06
ট;0;0;0;0;4E-06
テ;0;0;0;0;4E-06
ಾ;0;0;0;0;4E-06
남;0;0;0;0;4E-06
ち;0;0;0;0;4E-06
雲;0;0;0;0;4E-06
プ;0;0;0;0;4E-06
ֵ;0;0;0;0;4E-06
會;0;0;0;0;4E-06
©;0;0;0;0;4E-06
サ;0;0;0;0;4E-06
ら;0;0;0;0;4E-06
師;0;0;0;0;4E-06
男;0;0;0;0;4E-06
聖;0;0;0;0;4E-06
業;0;0;0;0;4E-06
出;0;0;0;0;4E-06
ল;0;0;0;0;4E-06
̨;0;0;0;0;4E-06
時;0;0;0;0;4E-06
あ;0;0;0;0;4E-06
宮;0;0;0;0;4E-06
̅;0;0;0;0;4E-06
仁;0;0;0;0;4E-06
胡;0;0;0;0;4E-06
ە;0;0;0;0;4E-06
形;0;0;0;0;4E-06
者;0;0;0;0;4E-06
ා;0;0;0;0;4E-06
ģ;0;0;0;0;4E-06
ข;0;0;0;0;4E-06
六;0;0;0;0;4E-06
集;0;0;0;0;4E-06
ಲ;0;0;0;0;4E-06
流;0;0;0;0;4E-06
െ;0;0;0;0;4E-06
ミ;0;0;0;0;3E-06
ἐ;0;0;0;0;3E-06
Ḫ;0;0;0;0;3E-06
自;0;0;0;0;3E-06
景;0;0;0;0;3E-06
育;0;0;0;0;3E-06
將;0;0;0;0;3E-06
何;0;0;0;0;3E-06
羅;0;0;0;0;3E-06
版;0;0;0;0;3E-06
や;0;0;0;0;3E-06
村;0;0;0;0;3E-06
前;0;0;0;0;3E-06
用;0;0;0;0;3E-06
Ọ;0;0;0;0;3E-06
黎;0;0;0;0;3E-06
한;0;0;0;0;3E-06
ვ;0;0;0;0;3E-06
デ;0;0;0;0;3E-06
延;0;0;0;0;3E-06
ರ;0;0;0;0;3E-06
バ;0;0;0;0;3E-06
،;0;0;0;0;3E-06
ذ;0;0;0;0;3E-06
ṉ;0;0;0;0;3E-06
ſ;0;0;0;0;3E-06
Ċ;0;0;0;0;3E-06
₳;0;0;0;0;3E-06
ィ;0;0;0;0;3E-06
அ;0;0;0;0;3E-06
ീ;0;0;0;0;3E-06
ө;0;0;0;0;3E-06
ḃ;0;0;0;0;3E-06
న;0;0;0;0;3E-06
姚;0;0;0;0;3E-06
ნ;0;0;0;0;3E-06
ุ;0;0;0;0;3E-06
正;0;0;0;0;3E-06
郎;0;0;0;0;3E-06
黃;0;0;0;0;3E-06
福;0;0;0;0;3E-06
ま;0;0;0;0;3E-06
ʉ;0;0;0;0;3E-06
っ;0;0;0;0;3E-06
⊗;0;0;0;0;3E-06
頭;0;0;0;0;3E-06
さ;0;0;0;0;3E-06
화;0;0;0;0;3E-06
ث;0;0;0;0;3E-06
ള;0;0;0;0;3E-06
지;0;0;0;0;3E-06
հ;0;0;0;0;3E-06
⁄;0;0;0;0;3E-06
ங;0;0;0;0;3E-06
化;0;0;0;0;3E-06
堂;0;0;0;0;3E-06
⍝;0;0;0;0;3E-06
ஆ;0;0;0;0;3E-06
鄺;0;0;0;0;3E-06
ῦ;0;0;0;0;3E-06
њ;0;0;0;0;3E-06
మ;0;0;0;0;3E-06
‚;0;0;0;0;3E-06
メ;0;0;0;0;3E-06
博;0;0;0;0;3E-06
つ;0;0;0;0;3E-06
‒;0;0;0;0;3E-06
商;0;0;0;0;3E-06
忠;0;0;0;0;3E-06
兵;0;0;0;0;3E-06
壽;0;0;0;0;3E-06
荊;0;0;0;0;3E-06
լ;0;0;0;0;3E-06
း;0;0;0;0;3E-06
ု;0;0;0;0;3E-06
จ;0;0;0;0;3E-06
͡;0;0;0;0;3E-06
章;0;0;0;0;3E-06
ਸ;0;0;0;0;3E-06
愛;0;0;0;0;3E-06
良;0;0;0;0;3E-06
수;0;0;0;0;3E-06
ً;0;0;0;0;3E-06
의;0;0;0;0;3E-06
松;0;0;0;0;3E-06
ℳ;0;0;0;0;3E-06
ظ;0;0;0;0;3E-06
უ;0;0;0;0;3E-06
თ;0;0;0;0;3E-06
台;0;0;0;0;3E-06
間;0;0;0;0;3E-06
九;0;0;0;0;3E-06
ừ;0;0;0;0;3E-06
ུ;0;0;0;0;3E-06
ª;0;0;0;0;3E-06
√;0;0;0;0;3E-06
원;0;0;0;0;3E-06
ර;0;0;0;0;3E-06
Ḳ;0;0;0;0;3E-06
よ;0;0;0;0;3E-06
∆;0;0;0;0;3E-06
佛;0;0;0;0;3E-06
陈;0;0;0;0;3E-06
ɕ;0;0;0;0;3E-06
แ;0;0;0;0;3E-06
전;0;0;0;0;3E-06
ీ;0;0;0;0;3E-06
గ;0;0;0;0;3E-06
み;0;0;0;0;3E-06
治;0;0;0;0;3E-06
玉;0;0;0;0;3E-06
阿;0;0;0;0;3E-06
夫;0;0;0;0;3E-06
ウ;0;0;0;0;3E-06
重;0;0;0;0;3E-06
দ;0;0;0;0;3E-06
ေ;0;0;0;0;3E-06
唐;0;0;0;0;3E-06
康;0;0;0;0;3E-06
等;0;0;0;0;3E-06
ャ;0;0;0;0;3E-06
作;0;0;0;0;3E-06
ˌ;0;0;0;0;3E-06
ᴗ;0;0;0;0;3E-06
장;0;0;0;0;3E-06
ಿ;0;0;0;0;3E-06
許;0;0;0;0;3E-06
Ά;0;0;0;0;3E-06
ڠ;0;0;0;0;3E-06
島;0;0;0;0;3E-06
君;0;0;0;0;3E-06
經;0;0;0;0;3E-06
ⴰ;0;0;0;0;3E-06
ස;0;0;0;0;3E-06
オ;0;0;0;0;3E-06
グ;0;0;0;0;3E-06
典;0;0;0;0;3E-06
漢;0;0;0;0;3E-06
え;0;0;0;0;3E-06
内;0;0;0;0;3E-06
令;0;0;0;0;3E-06
ު;0;0;0;0;3E-06
치;0;0;0;0;3E-06
臧;0;0;0;0;3E-06
�;0;0;0;0;3E-06
秦;0;0;0;0;3E-06
မ;0;0;0;0;3E-06
園;0;0;0;0;3E-06
Ď;0;0;0;0;3E-06
정;0;0;0;0;3E-06
기;0;0;0;0;3E-06
屋;0;0;0;0;3E-06
保;0;0;0;0;3E-06
關;0;0;0;0;3E-06
陸;0;0;0;0;3E-06
清;0;0;0;0;3E-06
沙;0;0;0;0;3E-06
外;0;0;0;0;3E-06
당;0;0;0;0;3E-06
寺;0;0;0;0;3E-06
ブ;0;0;0;0;3E-06
உ;0;0;0;0;3E-06
Ј;0;0;0;0;3E-06
利;0;0;0;0;3E-06
千;0;0;0;0;3E-06
多;0;0;0;0;3E-06
জ;0;0;0;0;3E-06
見;0;0;0;0;3E-06
チ;0;0;0;0;3E-06
ር;0;0;0;0;3E-06
ἄ;0;0;0;0;3E-06
ῶ;0;0;0;0;3E-06
ֶ;0;0;0;0;3E-06
涼;0;0;0;0;3E-06
相;0;0;0;0;3E-06
₦;0;0;0;0;3E-06
氏;0;0;0;0;3E-06
ẵ;0;0;0;0;3E-06
우;0;0;0;0;3E-06
자;0;0;0;0;3E-06
일;0;0;0;0;3E-06
ི;0;0;0;0;3E-06
連;0;0;0;0;3E-06
‍;0;0;0;0;3E-06
∧;0;0;0;0;3E-06
ග;0;0;0;0;3E-06
산;0;0;0;0;3E-06
প;0;0;0;0;3E-06
ृ;0;0;0;0;3E-06
♥;0;0;0;0;3E-06
♦;0;0;0;0;3E-06
ང;0;0;0;0;3E-06
ན;0;0;0;0;3E-06
族;0;0;0;0;3E-06
ަ;0;0;0;0;3E-06
எ;0;0;0;0;3E-06
☠;0;0;0;0;3E-06
Ƶ;0;0;0;0;3E-06
루;0;0;0;0;3E-06
ల;0;0;0;0;3E-06
주;0;0;0;0;3E-06
す;0;0;0;0;3E-06
《;0;0;0;0;3E-06
》;0;0;0;0;3E-06
ẽ;0;0;0;0;3E-06
Ḵ;0;0;0;0;3E-06
ĭ;0;0;0;0;3E-06
幽;0;0;0;0;3E-06
ặ;0;0;0;0;3E-06
院;0;0;0;0;3E-06
徐;0;0;0;0;3E-06
翼;0;0;0;0;3E-06
တ;0;0;0;0;3E-06
န;0;0;0;0;3E-06
̯;0;0;0;0;3E-06
陵;0;0;0;0;3E-06
ਰ;0;0;0;0;3E-06
ṟ;0;0;0;0;3E-06
傳;0;0;0;0;3E-06
錢;0;0;0;0;3E-06
鮮;0;0;0;0;3E-06
朱;0;0;0;0;3E-06
衛;0;0;0;0;3E-06
ツ;0;0;0;0;3E-06
：;0;0;0;0;3E-06
府;0;0;0;0;3E-06
ٹ;0;0;0;0;3E-06
̆;0;0;0;0;3E-06
ỉ;0;0;0;0;3E-06
ὁ;0;0;0;0;3E-06
క;0;0;0;0;3E-06
ĕ;0;0;0;0;3E-06
Ð;0;0;0;0;3E-06
상;0;0;0;0;3E-06
記;0;0;0;0;3E-06
ʲ;0;0;0;0;3E-06
Õ;0;0;0;0;3E-06
կ;0;0;0;0;3E-06
ბ;0;0;0;0;3E-06
ো;0;0;0;0;3E-06
ൻ;0;0;0;0;3E-06
ಮ;0;0;0;0;3E-06
ェ;0;0;0;0;3E-06
政;0;0;0;0;3E-06
ು;0;0;0;0;3E-06
エ;0;0;0;0;3E-06
ѡ;0;0;0;0;3E-06
유;0;0;0;0;3E-06
Ť;0;0;0;0;3E-06
고;0;0;0;0;2E-06
삼;0;0;0;0;2E-06
だ;0;0;0;0;2E-06
魏;0;0;0;0;2E-06
藤;0;0;0;0;2E-06
同;0;0;0;0;2E-06
趙;0;0;0;0;2E-06
如;0;0;0;0;2E-06
是;0;0;0;0;2E-06
我;0;0;0;0;2E-06
夏;0;0;0;0;2E-06
湖;0;0;0;0;2E-06
達;0;0;0;0;2E-06
က;0;0;0;0;2E-06
駅;0;0;0;0;2E-06
杜;0;0;0;0;2E-06
智;0;0;0;0;2E-06
伯;0;0;0;0;2E-06
空;0;0;0;0;2E-06
初;0;0;0;0;2E-06
վ;0;0;0;0;2E-06
¨;0;0;0;0;2E-06
宏;0;0;0;0;2E-06
ए;0;0;0;0;2E-06
ュ;0;0;0;0;2E-06
Ա;0;0;0;0;2E-06
洪;0;0;0;0;2E-06
隊;0;0;0;0;2E-06
宋;0;0;0;0;2E-06
最;0;0;0;0;2E-06
צ;0;0;0;0;2E-06
昌;0;0;0;0;2E-06
戦;0;0;0;0;2E-06
術;0;0;0;0;2E-06
せ;0;0;0;0;2E-06
觀;0;0;0;0;2E-06
∪;0;0;0;0;2E-06
선;0;0;0;0;2E-06
ხ;0;0;0;0;2E-06
오;0;0;0;0;2E-06
फ;0;0;0;0;2E-06
인;0;0;0;0;2E-06
가;0;0;0;0;2E-06
論;0;0;0;0;2E-06
弘;0;0;0;0;2E-06
蒲;0;0;0;0;2E-06
ම;0;0;0;0;2E-06
ක;0;0;0;0;2E-06
ල;0;0;0;0;2E-06
常;0;0;0;0;2E-06
ใ;0;0;0;0;2E-06
제;0;0;0;0;2E-06
▪;0;0;0;0;2E-06
第;0;0;0;0;2E-06
ở;0;0;0;0;2E-06
玄;0;0;0;0;2E-06
食;0;0;0;0;2E-06
ʌ;0;0;0;0;2E-06
⍳;0;0;0;0;2E-06
靳;0;0;0;0;2E-06
桓;0;0;0;0;2E-06
笙;0;0;0;0;2E-06
జ;0;0;0;0;2E-06
경;0;0;0;0;2E-06
›;0;0;0;0;2E-06
谷;0;0;0;0;2E-06
浩;0;0;0;0;2E-06
ֹ;0;0;0;0;2E-06
鳳;0;0;0;0;2E-06
紀;0;0;0;0;2E-06
彭;0;0;0;0;2E-06
万;0;0;0;0;2E-06
চ;0;0;0;0;2E-06
င;0;0;0;0;2E-06
ရ;0;0;0;0;2E-06
ပ;0;0;0;0;2E-06
ʒ;0;0;0;0;2E-06
黒;0;0;0;0;2E-06
晉;0;0;0;0;2E-06
密;0;0;0;0;2E-06
セ;0;0;0;0;2E-06
բ;0;0;0;0;2E-06
老;0;0;0;0;2E-06
賴;0;0;0;0;2E-06
ദ;0;0;0;0;2E-06
図;0;0;0;0;2E-06
賈;0;0;0;0;2E-06
孟;0;0;0;0;2E-06
ׁ;0;0;0;0;2E-06
想;0;0;0;0;2E-06
ศ;0;0;0;0;2E-06
燕;0;0;0;0;2E-06
御;0;0;0;0;2E-06
무;0;0;0;0;2E-06
배;0;0;0;0;2E-06
യ;0;0;0;0;2E-06
∩;0;0;0;0;2E-06
管;0;0;0;0;2E-06
局;0;0;0;0;2E-06
ስ;0;0;0;0;2E-06
华;0;0;0;0;2E-06
গ;0;0;0;0;2E-06
ळ;0;0;0;0;2E-06
ई;0;0;0;0;2E-06
보;0;0;0;0;2E-06
교;0;0;0;0;2E-06
Ū;0;0;0;0;2E-06
ἰ;0;0;0;0;2E-06
主;0;0;0;0;2E-06
わ;0;0;0;0;2E-06
ြ;0;0;0;0;2E-06
Ò;0;0;0;0;2E-06
ী;0;0;0;0;2E-06
パ;0;0;0;0;2E-06
丸;0;0;0;0;2E-06
事;0;0;0;0;2E-06
∘;0;0;0;0;2E-06
আ;0;0;0;0;2E-06
ި;0;0;0;0;2E-06
ʕ;0;0;0;0;2E-06
姑;0;0;0;0;2E-06
ం;0;0;0;0;2E-06
포;0;0;0;0;2E-06
₶;0;0;0;0;2E-06
ܐ;0;0;0;0;2E-06
‹;0;0;0;0;2E-06
選;0;0;0;0;2E-06
土;0;0;0;0;2E-06
☆;0;0;0;0;2E-06
曲;0;0;0;0;2E-06
萬;0;0;0;0;2E-06
Ţ;0;0;0;0;2E-06
葉;0;0;0;0;2E-06
ノ;0;0;0;0;2E-06
交;0;0;0;0;2E-06
区;0;0;0;0;2E-06
孝;0;0;0;0;2E-06
權;0;0;0;0;2E-06
ไ;0;0;0;0;2E-06
仲;0;0;0;0;2E-06
ੀ;0;0;0;0;2E-06
इ;0;0;0;0;2E-06
ภ;0;0;0;0;2E-06
口;0;0;0;0;2E-06
き;0;0;0;0;2E-06
も;0;0;0;0;2E-06
─;0;0;0;0;2E-06
死;0;0;0;0;2E-06
ケ;0;0;0;0;2E-06
ハ;0;0;0;0;2E-06
鄭;0;0;0;0;2E-06
你;0;0;0;0;2E-06
ḇ;0;0;0;0;2E-06
ὰ;0;0;0;0;2E-06
吴;0;0;0;0;2E-06
⁣;0;0;0;0;2E-06
∅;0;0;0;0;2E-06
ὐ;0;0;0;0;2E-06
虞;0;0;0;0;2E-06
特;0;0;0;0;2E-06
超;0;0;0;0;2E-06
ೆ;0;0;0;0;2E-06
烏;0;0;0;0;2E-06
양;0;0;0;0;2E-06
은;0;0;0;0;2E-06
ɫ;0;0;0;0;2E-06
禮;0;0;0;0;2E-06
協;0;0;0;0;2E-06
雅;0;0;0;0;2E-06
青;0;0;0;0;2E-06
秀;0;0;0;0;2E-06
ේ;0;0;0;0;2E-06
ḗ;0;0;0;0;2E-06
ȟ;0;0;0;0;2E-06
乡;0;0;0;0;2E-06
រ;0;0;0;0;2E-06
부;0;0;0;0;2E-06
固;0;0;0;0;2E-06
技;0;0;0;0;2E-06
狄;0;0;0;0;2E-06
є;0;0;0;0;2E-06
店;0;0;0;0;2E-06
ँ;0;0;0;0;2E-06
羊;0;0;0;0;2E-06
毛;0;0;0;0;2E-06
ユ;0;0;0;0;2E-06
ニ;0;0;0;0;2E-06
体;0;0;0;0;2E-06
モ;0;0;0;0;2E-06
ེ;0;0;0;0;2E-06
镇;0;0;0;0;2E-06
ް;0;0;0;0;2E-06
ދ;0;0;0;0;2E-06
諏;0;0;0;0;2E-06
慶;0;0;0;0;2E-06
威;0;0;0;0;2E-06
॥;0;0;0;0;2E-06
₂;0;0;0;0;2E-06
謝;0;0;0;0;2E-06
ろ;0;0;0;0;2E-06
ธ;0;0;0;0;2E-06
̍;0;0;0;0;2E-06
淮;0;0;0;0;2E-06
ء;0;0;0;0;2E-06
樓;0;0;0;0;2E-06
以;0;0;0;0;2E-06
ズ;0;0;0;0;2E-06
桂;0;0;0;0;2E-06
գ;0;0;0;0;2E-06
然;0;0;0;0;2E-06
শ;0;0;0;0;2E-06
ু;0;0;0;0;2E-06
ɡ;0;0;0;0;2E-06
程;0;0;0;0;2E-06
ך;0;0;0;0;2E-06
歌;0;0;0;0;2E-06
灣;0;0;0;0;2E-06
ṁ;0;0;0;0;2E-06
घ;0;0;0;0;2E-06
छ;0;0;0;0;2E-06
ผ;0;0;0;0;2E-06
ボ;0;0;0;0;2E-06
ք;0;0;0;0;2E-06
来;0;0;0;0;2E-06
路;0;0;0;0;2E-06
杯;0;0;0;0;2E-06
火;0;0;0;0;2E-06
命;0;0;0;0;2E-06
戰;0;0;0;0;2E-06
語;0;0;0;0;2E-06
마;0;0;0;0;2E-06
ڈ;0;0;0;0;2E-06
ʹ;0;0;0;0;2E-06
성;0;0;0;0;2E-06
∨;0;0;0;0;2E-06
講;0;0;0;0;2E-06
順;0;0;0;0;2E-06
공;0;0;0;0;2E-06
黑;0;0;0;0;2E-06
科;0;0;0;0;2E-06
工;0;0;0;0;2E-06
ǵ;0;0;0;0;2E-06
Ṛ;0;0;0;0;2E-06
̣;0;0;0;0;2E-06
蘭;0;0;0;0;2E-06
ད;0;0;0;0;2E-06
།;0;0;0;0;2E-06
ϊ;0;0;0;0;2E-06
Ḍ;0;0;0;0;2E-06
品;0;0;0;0;2E-06
ѣ;0;0;0;0;2E-06
画;0;0;0;0;2E-06
ɾ;0;0;0;0;2E-06
ɹ;0;0;0;0;2E-06
童;0;0;0;0;2E-06
འ;0;0;0;0;2E-06
ὄ;0;0;0;0;2E-06
로;0;0;0;0;2E-06
風;0;0;0;0;2E-06
め;0;0;0;0;2E-06
Ê;0;0;0;0;2E-06
藏;0;0;0;0;2E-06
沖;0;0;0;0;2E-06
ञ;0;0;0;0;2E-06
動;0;0;0;0;2E-06
尚;0;0;0;0;2E-06
韜;0;0;0;0;2E-06
Ġ;0;0;0;0;2E-06
豫;0;0;0;0;2E-06
進;0;0;0;0;2E-06
♠;0;0;0;0;2E-06
ゃ;0;0;0;0;2E-06
妃;0;0;0;0;2E-06
진;0;0;0;0;2E-06
切;0;0;0;0;2E-06
내;0;0;0;0;2E-06
斗;0;0;0;0;2E-06
സ;0;0;0;0;2E-06
ಳ;0;0;0;0;2E-06
ለ;0;0;0;0;2E-06
ɬ;0;0;0;0;2E-06
ු;0;0;0;0;2E-06
స;0;0;0;0;2E-06
악;0;0;0;0;2E-06
ʸ;0;0;0;0;2E-06
დ;0;0;0;0;2E-06
조;0;0;0;0;2E-06
아;0;0;0;0;2E-06
వ;0;0;0;0;2E-06
里;0;0;0;0;2E-06
難;0;0;0;0;2E-06
好;0;0;0;0;2E-06
鄧;0;0;0;0;2E-06
猛;0;0;0;0;2E-06
制;0;0;0;0;2E-06
友;0;0;0;0;2E-06
幕;0;0;0;0;2E-06
解;0;0;0;0;2E-06
吳;0;0;0;0;2E-06
任;0;0;0;0;2E-06
蔡;0;0;0;0;2E-06
在;0;0;0;0;2E-06
身;0;0;0;0;2E-06
झ;0;0;0;0;2E-06
ា;0;0;0;0;2E-06
補;0;0;0;0;2E-06
角;0;0;0;0;2E-06
～;0;0;0;0;2E-06
棋;0;0;0;0;2E-06
井;0;0;0;0;2E-06
ǝ;0;0;0;0;2E-06
ន;0;0;0;0;2E-06
թ;0;0;0;0;2E-06
ʈ;0;0;0;0;2E-06
হ;0;0;0;0;2E-06
號;0;0;0;0;2E-06
表;0;0;0;0;2E-06
丘;0;0;0;0;2E-06
俊;0;0;0;0;2E-06
酒;0;0;0;0;2E-06
恆;0;0;0;0;2E-06
계;0;0;0;0;2E-06
Ζ;0;0;0;0;2E-06
ℛ;0;0;0;0;2E-06
今;0;0;0;0;2E-06
각;0;0;0;0;2E-06
那;0;0;0;0;2E-06
Έ;0;0;0;0;2E-06
ә;0;0;0;0;2E-06
ವ;0;0;0;0;2E-06
末;0;0;0;0;2E-06
鄴;0;0;0;0;2E-06
修;0;0;0;0;2E-06
⅜;0;0;0;0;2E-06
健;0;0;0;0;2E-06
ӗ;0;0;0;0;2E-06
라;0;0;0;0;2E-06
沈;0;0;0;0;2E-06
ʀ;0;0;0;0;2E-06
律;0;0;0;0;2E-06
寧;0;0;0;0;2E-06
소;0;0;0;0;2E-06
ピ;0;0;0;0;2E-06
ื;0;0;0;0;2E-06
ղ;0;0;0;0;2E-06
པ;0;0;0;0;2E-06
ধ;0;0;0;0;2E-06
ਿ;0;0;0;0;2E-06
ਤ;0;0;0;0;2E-06
粉;0;0;0;0;2E-06
හ;0;0;0;0;2E-06
支;0;0;0;0;2E-06
母;0;0;0;0;2E-06
運;0;0;0;0;2E-06
ড;0;0;0;0;2E-06
⅔;0;0;0;0;2E-06
ප;0;0;0;0;2E-06
ᛁ;0;0;0;0;2E-06
獻;0;0;0;0;2E-06
团;0;0;0;0;2E-06
ಗ;0;0;0;0;2E-06
銀;0;0;0;0;2E-06
雍;0;0;0;0;2E-06
足;0;0;0;0;2E-06
ỹ;0;0;0;0;2E-06
場;0;0;0;0;2E-06
由;0;0;0;0;2E-06
面;0;0;0;0;2E-06
ഒ;0;0;0;0;2E-06
牛;0;0;0;0;2E-06
性;0;0;0;0;2E-06
房;0;0;0;0;2E-06
ⁿ;0;0;0;0;2E-06
ү;0;0;0;0;2E-06
ษ;0;0;0;0;2E-06
善;0;0;0;0;2E-06
ደ;0;0;0;0;2E-06
ብ;0;0;0;0;2E-06
舞;0;0;0;0;2E-06
േ;0;0;0;0;2E-06
柳;0;0;0;0;2E-06
త;0;0;0;0;2E-06
⏑;0;0;0;0;2E-06
ქ;0;0;0;0;2E-06
曹;0;0;0;0;2E-06
ガ;0;0;0;0;2E-06
盧;0;0;0;0;2E-06
翔;0;0;0;0;2E-06
鎮;0;0;0;0;2E-06
ὑ;0;0;0;0;2E-06
回;0;0;0;0;2E-06
龙;0;0;0;0;2E-06
ˤ;0;0;0;0;2E-06
秋;0;0;0;0;2E-06
宝;0;0;0;0;2E-06
朗;0;0;0;0;2E-06
要;0;0;0;0;2E-06
태;0;0;0;0;2E-06
約;0;0;0;0;2E-06
崇;0;0;0;0;2E-06
橋;0;0;0;0;2E-06
茂;0;0;0;0;2E-06
賀;0;0;0;0;2E-06
若;0;0;0;0;2E-06
臨;0;0;0;0;2E-06
Ἐ;0;0;0;0;2E-06
ὸ;0;0;0;0;2E-06
ਗ;0;0;0;0;2E-06
習;0;0;0;0;2E-06
強;0;0;0;0;2E-06
備;0;0;0;0;2E-06
省;0;0;0;0;2E-06
監;0;0;0;0;2E-06
拳;0;0;0;0;2E-06
再;0;0;0;0;2E-06
琴;0;0;0;0;2E-06
普;0;0;0;0;2E-06
勝;0;0;0;0;2E-06
介;0;0;0;0;2E-06
線;0;0;0;0;2E-06
加;0;0;0;0;2E-06
호;0;0;0;0;2E-06
其;0;0;0;0;2E-06
裕;0;0;0;0;2E-06
影;0;0;0;0;2E-06
亭;0;0;0;0;2E-06
ഗ;0;0;0;0;2E-06
電;0;0;0;0;2E-06
雪;0;0;0;0;2E-06
飛;0;0;0;0;2E-06
战;0;0;0;0;2E-06
向;0;0;0;0;2E-06
七;0;0;0;0;2E-06
어;0;0;0;0;2E-06
吉;0;0;0;0;2E-06
森;0;0;0;0;2E-06
ˀ;0;0;0;0;2E-06
ڤ;0;0;0;0;2E-06
མ;0;0;0;0;2E-06
병;0;0;0;0;2E-06
신;0;0;0;0;2E-06
∇;0;0;0;0;2E-06
取;0;0;0;0;2E-06
次;0;0;0;0;2E-06
而;0;0;0;0;2E-06
姐;0;0;0;0;2E-06
ྲ;0;0;0;0;2E-06
別;0;0;0;0;2E-06
包;0;0;0;0;2E-06
魚;0;0;0;0;2E-06
랑;0;0;0;0;2E-06
학;0;0;0;0;2E-06
⊕;0;0;0;0;2E-06
ਦ;0;0;0;0;2E-06
才;0;0;0;0;2E-06
左;0;0;0;0;2E-06
ョ;0;0;0;0;2E-06
ญ;0;0;0;0;2E-06
夜;0;0;0;0;2E-06
့;0;0;0;0;2E-06
功;0;0;0;0;2E-06
노;0;0;0;0;2E-06
군;0;0;0;0;2E-06
გ;0;0;0;0;2E-06
አ;0;0;0;0;2E-06
ǁ;0;0;0;0;2E-06
ァ;0;0;0;0;2E-06
ව;0;0;0;0;2E-06
ත;0;0;0;0;2E-06
濟;0;0;0;0;2E-06
അ;0;0;0;0;2E-06
究;0;0;0;0;2E-06
限;0;0;0;0;2E-06
ਕ;0;0;0;0;2E-06
録;0;0;0;0;2E-06
研;0;0;0;0;2E-06
ದ;0;0;0;0;2E-06
報;0;0;0;0;2E-06
現;0;0;0;0;2E-06
式;0;0;0;0;2E-06
ા;0;0;0;0;2E-06
ʑ;0;0;0;0;2E-06
┘;0;0;0;0;2E-06
└;0;0;0;0;2E-06
ǣ;0;0;0;0;2E-06
ശ;0;0;0;0;2E-06
⁰;0;0;0;0;2E-06
Қ;0;0;0;0;2E-06
қ;0;0;0;0;2E-06
구;0;0;0;0;2E-06
訪;0;0;0;0;2E-06
波;0;0;0;0;2E-06
可;0;0;0;0;2E-06
މ;0;0;0;0;2E-06
伏;0;0;0;0;2E-06
株;0;0;0;0;2E-06
ⵏ;0;0;0;0;2E-06
⎕;0;0;0;0;2E-06
행;0;0;0;0;2E-06
민;0;0;0;0;2E-06
꞉;0;0;0;0;2E-06
乂;0;0;0;0;2E-06
Ү;0;0;0;0;2E-06
ې;0;0;0;0;2E-06
건;0;0;0;0;2E-06
ᐦ;0;0;0;0;2E-06
య;0;0;0;0;2E-06
ẁ;0;0;0;0;2E-06
丹;0;0;0;0;1E-06
ŕ;0;0;0;0;1E-06
澤;0;0;0;0;1E-06
紅;0;0;0;0;1E-06
奉;0;0;0;0;1E-06
個;0;0;0;0;1E-06
冀;0;0;0;0;1E-06
則;0;0;0;0;1E-06
Ἰ;0;0;0;0;1E-06
員;0;0;0;0;1E-06
尼;0;0;0;0;1E-06
̤;0;0;0;0;1E-06
ǧ;0;0;0;0;1E-06
說;0;0;0;0;1E-06
夢;0;0;0;0;1E-06
董;0;0;0;0;1E-06
紙;0;0;0;0;1E-06
久;0;0;0;0;1E-06
ビ;0;0;0;0;1E-06
ヤ;0;0;0;0;1E-06
դ;0;0;0;0;1E-06
組;0;0;0;0;1E-06
船;0;0;0;0;1E-06
奇;0;0;0;0;1E-06
油;0;0;0;0;1E-06
魔;0;0;0;0;1E-06
色;0;0;0;0;1E-06
ٰ;0;0;0;0;1E-06
坂;0;0;0;0;1E-06
雨;0;0;0;0;1E-06
암;0;0;0;0;1E-06
盛;0;0;0;0;1E-06
祖;0;0;0;0;1E-06
ም;0;0;0;0;1E-06
鐘;0;0;0;0;1E-06
并;0;0;0;0;1E-06
先;0;0;0;0;1E-06
言;0;0;0;0;1E-06
植;0;0;0;0;1E-06
ძ;0;0;0;0;1E-06
尉;0;0;0;0;1E-06
乐;0;0;0;0;1E-06
望;0;0;0;0;1E-06
當;0;0;0;0;1E-06
Ì;0;0;0;0;1E-06
ザ;0;0;0;0;1E-06
浦;0;0;0;0;1E-06
泉;0;0;0;0;1E-06
ὀ;0;0;0;0;1E-06
현;0;0;0;0;1E-06
백;0;0;0;0;1E-06
다;0;0;0;0;1E-06
喜;0;0;0;0;1E-06
彌;0;0;0;0;1E-06
懷;0;0;0;0;1E-06
農;0;0;0;0;1E-06
东;0;0;0;0;1E-06
그;0;0;0;0;1E-06
受;0;0;0;0;1E-06
军;0;0;0;0;1E-06
Ұ;0;0;0;0;1E-06
對;0;0;0;0;1E-06
შ;0;0;0;0;1E-06
ـ;0;0;0;0;1E-06
↔;0;0;0;0;1E-06
պ;0;0;0;0;1E-06
ਮ;0;0;0;0;1E-06
ੰ;0;0;0;0;1E-06
ਨ;0;0;0;0;1E-06
ⵓ;0;0;0;0;1E-06
ῆ;0;0;0;0;1E-06
လ;0;0;0;0;1E-06
右;0;0;0;0;1E-06
ត;0;0;0;0;1E-06
ស;0;0;0;0;1E-06
■;0;0;0;0;1E-06
መ;0;0;0;0;1E-06
안;0;0;0;0;1E-06
麗;0;0;0;0;1E-06
ǃ;0;0;0;0;1E-06
개;0;0;0;0;1E-06
풍;0;0;0;0;1E-06
球;0;0;0;0;1E-06
⅛;0;0;0;0;1E-06
齊;0;0;0;0;1E-06
米;0;0;0;0;1E-06
－;0;0;0;0;1E-06
ൂ;0;0;0;0;1E-06
ತ;0;0;0;0;1E-06
機;0;0;0;0;1E-06
打;0;0;0;0;1E-06
基;0;0;0;0;1E-06
隆;0;0;0;0;1E-06
そ;0;0;0;0;1E-06
ヴ;0;0;0;0;1E-06
じ;0;0;0;0;1E-06
Ǫ;0;0;0;0;1E-06
始;0;0;0;0;1E-06
符;0;0;0;0;1E-06
俗;0;0;0;0;1E-06
破;0;0;0;0;1E-06
曾;0;0;0;0;1E-06
試;0;0;0;0;1E-06
目;0;0;0;0;1E-06
ಪ;0;0;0;0;1E-06
하;0;0;0;0;1E-06
ɵ;0;0;0;0;1E-06
ষ;0;0;0;0;1E-06
聞;0;0;0;0;1E-06
비;0;0;0;0;1E-06
ާ;0;0;0;0;1E-06
ჩ;0;0;0;0;1E-06
კ;0;0;0;0;1E-06
遠;0;0;0;0;1E-06
ฅ;0;0;0;0;1E-06
冨;0;0;0;0;1E-06
傑;0;0;0;0;1E-06
ソ;0;0;0;0;1E-06
ⵉ;0;0;0;0;1E-06
ტ;0;0;0;0;1E-06
故;0;0;0;0;1E-06
ྱ;0;0;0;0;1E-06
邽;0;0;0;0;1E-06
적;0;0;0;0;1E-06
ល;0;0;0;0;1E-06
ݢ;0;0;0;0;1E-06
庾;0;0;0;0;1E-06
ằ;0;0;0;0;1E-06
శ;0;0;0;0;1E-06
ڑ;0;0;0;0;1E-06
Ө;0;0;0;0;1E-06
ℵ;0;0;0;0;1E-06
؟;0;0;0;0;1E-06
Ї;0;0;0;0;1E-06
羽;0;0;0;0;1E-06
ὴ;0;0;0;0;1E-06
미;0;0;0;0;1E-06
哀;0;0;0;0;1E-06
稲;0;0;0;0;1E-06
織;0;0;0;0;1E-06
戸;0;0;0;0;1E-06
克;0;0;0;0;1E-06
恭;0;0;0;0;1E-06
靜;0;0;0;0;1E-06
護;0;0;0;0;1E-06
兆;0;0;0;0;1E-06
様;0;0;0;0;1E-06
素;0;0;0;0;1E-06
実;0;0;0;0;1E-06
希;0;0;0;0;1E-06
명;0;0;0;0;1E-06
ভ;0;0;0;0;1E-06
ছ;0;0;0;0;1E-06
泰;0;0;0;0;1E-06
知;0;0;0;0;1E-06
중;0;0;0;0;1E-06
節;0;0;0;0;1E-06
活;0;0;0;0;1E-06
Ю;0;0;0;0;1E-06
極;0;0;0;0;1E-06
精;0;0;0;0;1E-06
畫;0;0;0;0;1E-06
ң;0;0;0;0;1E-06
仙;0;0;0;0;1E-06
ẻ;0;0;0;0;1E-06
ជ;0;0;0;0;1E-06
ɒ;0;0;0;0;1E-06
盟;0;0;0;0;1E-06
深;0;0;0;0;1E-06
辰;0;0;0;0;1E-06
ベ;0;0;0;0;1E-06
へ;0;0;0;0;1E-06
Ս;0;0;0;0;1E-06
Ь;0;0;0;0;1E-06
剣;0;0;0;0;1E-06
阳;0;0;0;0;1E-06
ὲ;0;0;0;0;1E-06
პ;0;0;0;0;1E-06
ἱ;0;0;0;0;1E-06
恩;0;0;0;0;1E-06
ŗ;0;0;0;0;1E-06
呼;0;0;0;0;1E-06
阪;0;0;0;0;1E-06
ホ;0;0;0;0;1E-06
김;0;0;0;0;1E-06
강;0;0;0;0;1E-06
는;0;0;0;0;1E-06
시;0;0;0;0;1E-06
파;0;0;0;0;1E-06
隴;0;0;0;0;1E-06
横;0;0;0;0;1E-06
引;0;0;0;0;1E-06
연;0;0;0;0;1E-06
왕;0;0;0;0;1E-06
思;0;0;0;0;1E-06
ን;0;0;0;0;1E-06
ိ;0;0;0;0;1E-06
共;0;0;0;0;1E-06
從;0;0;0;0;1E-06
Ŧ;0;0;0;0;1E-06
회;0;0;0;0;1E-06
书;0;0;0;0;1E-06
­;0;0;0;0;1E-06
远;0;0;0;0;1E-06
點;0;0;0;0;1E-06
ワ;0;0;0;0;1E-06
ই;0;0;0;0;1E-06
ཆ;0;0;0;0;1E-06
Հ;0;0;0;0;1E-06
儀;0;0;0;0;1E-06
察;0;0;0;0;1E-06
į;0;0;0;0;1E-06
ぐ;0;0;0;0;1E-06
親;0;0;0;0;1E-06
摩;0;0;0;0;1E-06
ൽ;0;0;0;0;1E-06
ခ;0;0;0;0;1E-06
單;0;0;0;0;1E-06
ል;0;0;0;0;1E-06
ፍ;0;0;0;0;1E-06
勇;0;0;0;0;1E-06
刊;0;0;0;0;1E-06
ද;0;0;0;0;1E-06
ය;0;0;0;0;1E-06
背;0;0;0;0;1E-06
斬;0;0;0;0;1E-06
圜;0;0;0;0;1E-06
放;0;0;0;0;1E-06
ϕ;0;0;0;0;1E-06
直;0;0;0;0;1E-06
関;0;0;0;0;1E-06
源;0;0;0;0;1E-06
肉;0;0;0;0;1E-06
불;0;0;0;0;1E-06
貞;0;0;0;0;1E-06
래;0;0;0;0;1E-06
半;0;0;0;0;1E-06
¯;0;0;0;0;1E-06
ꜣ;0;0;0;0;1E-06
話;0;0;0;0;1E-06
ܝ;0;0;0;0;1E-06
ប;0;0;0;0;1E-06
ុ;0;0;0;0;1E-06
赤;0;0;0;0;1E-06
片;0;0;0;0;1E-06
止;0;0;0;0;1E-06
Ő;0;0;0;0;1E-06
ਜ;0;0;0;0;1E-06
鹿;0;0;0;0;1E-06
數;0;0;0;0;1E-06
演;0;0;0;0;1E-06
力;0;0;0;0;1E-06
ំ;0;0;0;0;1E-06
袈;0;0;0;0;1E-06
裟;0;0;0;0;1E-06
┐;0;0;0;0;1E-06
┌;0;0;0;0;1E-06
ೇ;0;0;0;0;1E-06
識;0;0;0;0;1E-06
堡;0;0;0;0;1E-06
园;0;0;0;0;1E-06
ɖ;0;0;0;0;1E-06
থ;0;0;0;0;1E-06
敬;0;0;0;0;1E-06
富;0;0;0;0;1E-06
ސ;0;0;0;0;1E-06
ނ;0;0;0;0;1E-06
ީ;0;0;0;0;1E-06
邦;0;0;0;0;1E-06
哲;0;0;0;0;1E-06
물;0;0;0;0;1E-06
殿;0;0;0;0;1E-06
ǀ;0;0;0;0;1E-06
雙;0;0;0;0;1E-06
ำ;0;0;0;0;1E-06
漫;0;0;0;0;1E-06
ރ;0;0;0;0;1E-06
향;0;0;0;0;1E-06
级;0;0;0;0;1E-06
紹;0;0;0;0;1E-06
음;0;0;0;0;1E-06
菜;0;0;0;0;1E-06
ྒ;0;0;0;0;1E-06
溫;0;0;0;0;1E-06
፡;0;0;0;0;1E-06
스;0;0;0;0;1E-06
震;0;0;0;0;1E-06
巫;0;0;0;0;1E-06
천;0;0;0;0;1E-06
ധ;0;0;0;0;1E-06
ూ;0;0;0;0;1E-06
에;0;0;0;0;1E-06
蘇;0;0;0;0;1E-06
∀;0;0;0;0;1E-06
청;0;0;0;0;1E-06
റ;0;0;0;0;1E-06
⌜;0;0;0;0;1E-06
⌝;0;0;0;0;1E-06
架;0;0;0;0;1E-06
용;0;0;0;0;1E-06
చ;0;0;0;0;1E-06
苟;0;0;0;0;1E-06
ḋ;0;0;0;0;1E-06
ద;0;0;0;0;1E-06
წ;0;0;0;0;1E-06
齋;0;0;0;0;1E-06
派;0;0;0;0;1E-06
近;0;0;0;0;1E-06
ヒ;0;0;0;0;1E-06
劍;0;0;0;0;1E-06
Ụ;0;0;0;0;1E-06
ネ;0;0;0;0;1E-06
幹;0;0;0;0;1E-06
使;0;0;0;0;1E-06
ռ;0;0;0;0;1E-06
Գ;0;0;0;0;1E-06
ց;0;0;0;0;1E-06
峰;0;0;0;0;1E-06
他;0;0;0;0;1E-06
榮;0;0;0;0;1E-06
ွ;0;0;0;0;1E-06
靈;0;0;0;0;1E-06
Ἄ;0;0;0;0;1E-06
屯;0;0;0;0;1E-06
乙;0;0;0;0;1E-06
ङ;0;0;0;0;1E-06
籍;0;0;0;0;1E-06
伊;0;0;0;0;1E-06
ず;0;0;0;0;1E-06
予;0;0;0;0;1E-06
詩;0;0;0;0;1E-06
守;0;0;0;0;1E-06
ῳ;0;0;0;0;1E-06
ḻ;0;0;0;0;1E-06
能;0;0;0;0;1E-06
Ù;0;0;0;0;1E-06
迷;0;0;0;0;1E-06
巴;0;0;0;0;1E-06
純;0;0;0;0;1E-06
舜;0;0;0;0;1E-06
ോ;0;0;0;0;1E-06
ณ;0;0;0;0;1E-06
宿;0;0;0;0;1E-06
聲;0;0;0;0;1E-06
篇;0;0;0;0;1E-06
ほ;0;0;0;0;1E-06
나;0;0;0;0;1E-06
双;0;0;0;0;1E-06
句;0;0;0;0;1E-06
室;0;0;0;0;1E-06
⁴;0;0;0;0;1E-06
니;0;0;0;0;1E-06
해;0;0;0;0;1E-06
ٽ;0;0;0;0;1E-06
少;0;0;0;0;1E-06
萇;0;0;0;0;1E-06
首;0;0;0;0;1E-06
寛;0;0;0;0;1E-06
운;0;0;0;0;1E-06
ˁ;0;0;0;0;1E-06
亮;0;0;0;0;1E-06
牧;0;0;0;0;1E-06
旅;0;0;0;0;1E-06
調;0;0;0;0;1E-06
內;0;0;0;0;1E-06
渡;0;0;0;0;1E-06
罕;0;0;0;0;1E-06
尾;0;0;0;0;1E-06
최;0;0;0;0;1E-06
承;0;0;0;0;1E-06
叔;0;0;0;0;1E-06
Һ;0;0;0;0;1E-06
⇔;0;0;0;0;1E-06
ђ;0;0;0;0;1E-06
돈;0;0;0;0;1E-06
Ό;0;0;0;0;1E-06
传;0;0;0;0;1E-06
伝;0;0;0;0;1E-06
怡;0;0;0;0;1E-06
ອ;0;0;0;0;1E-06
է;0;0;0;0;1E-06
զ;0;0;0;0;1E-06
և;0;0;0;0;1E-06
甘;0;0;0;0;1E-06
ባ;0;0;0;0;1E-06
議;0;0;0;0;1E-06
宜;0;0;0;0;1E-06
Ξ;0;0;0;0;1E-06
ੱ;0;0;0;0;1E-06
ਹ;0;0;0;0;1E-06
域;0;0;0;0;1E-06
图;0;0;0;0;1E-06
张;0;0;0;0;1E-06
통;0;0;0;0;1E-06
ǚ;0;0;0;0;1E-06
အ;0;0;0;0;1E-06
ီ;0;0;0;0;1E-06
Մ;0;0;0;0;1E-06
ը;0;0;0;0;1E-06
ზ;0;0;0;0;1E-06
げ;0;0;0;0;1E-06
የ;0;0;0;0;1E-06
哈;0;0;0;0;1E-06
印;0;0;0;0;1E-06
釋;0;0;0;0;1E-06
譜;0;0;0;0;1E-06
종;0;0;0;0;1E-06
관;0;0;0;0;1E-06
餘;0;0;0;0;1E-06
唱;0;0;0;0;1E-06
ᛋ;0;0;0;0;1E-06
製;0;0;0;0;1E-06
권;0;0;0;0;1E-06
恋;0;0;0;0;1E-06
ಶ;0;0;0;0;1E-06
変;0;0;0;0;1E-06
登;0;0;0;0;1E-06
沢;0;0;0;0;1E-06
庫;0;0;0;0;1E-06
Ấ;0;0;0;0;1E-06
弓;0;0;0;0;1E-06
気;0;0;0;0;1E-06
着;0;0;0;0;1E-06
巻;0;0;0;0;1E-06
♣;0;0;0;0;1E-06
〇;0;0;0;0;1E-06
獨;0;0;0;0;1E-06
熙;0;0;0;0;1E-06
ܘ;0;0;0;0;1E-06
ង;0;0;0;0;1E-06
熊;0;0;0;0;1E-06
従;0;0;0;0;1E-06
ᚷ;0;0;0;0;1E-06
ᛏ;0;0;0;0;1E-06
속;0;0;0;0;1E-06
嘉;0;0;0;0;1E-06
入;0;0;0;0;1E-06
উ;0;0;0;0;1E-06
લ;0;0;0;0;1E-06
ɘ;0;0;0;0;1E-06
ಹ;0;0;0;0;1E-06
得;0;0;0;0;1E-06
拓;0;0;0;0;1E-06
ྐ;0;0;0;0;1E-06
ギ;0;0;0;0;1E-06
ਵ;0;0;0;0;1E-06
編;0;0;0;0;1E-06
ঞ;0;0;0;0;1E-06
卞;0;0;0;0;1E-06
ላ;0;0;0;0;1E-06
็;0;0;0;0;1E-06
辛;0;0;0;0;1E-06
也;0;0;0;0;1E-06
ހ;0;0;0;0;1E-06
ެ;0;0;0;0;1E-06
އ;0;0;0;0;1E-06
位;0;0;0;0;1E-06
頼;0;0;0;0;1E-06
茹;0;0;0;0;1E-06
板;0;0;0;0;1E-06
ޫ;0;0;0;0;1E-06
彩;0;0;0;0;1E-06
궁;0;0;0;0;1E-06
涪;0;0;0;0;1E-06
蓮;0;0;0;0;1E-06
ĝ;0;0;0;0;1E-06
宇;0;0;0;0;1E-06
總;0;0;0;0;1E-06
臣;0;0;0;0;1E-06
歸;0;0;0;0;1E-06
ⵔ;0;0;0;0;1E-06
ⵍ;0;0;0;0;1E-06
ұ;0;0;0;0;1E-06
ߊ;0;0;0;0;1E-06
१;0;0;0;0;1E-06
Ə;0;0;0;0;1E-06
豆;0;0;0;0;1E-06
虎;0;0;0;0;1E-06
鞠;0;0;0;0;1E-06
ἅ;0;0;0;0;1E-06
ർ;0;0;0;0;1E-06
룡;0;0;0;0;1E-06
汉;0;0;0;0;1E-06
益;0;0;0;0;1E-06
భ;0;0;0;0;1E-06
ܪ;0;0;0;0;1E-06
存;0;0;0;0;1E-06
편;0;0;0;0;1E-06
兴;0;0;0;0;1E-06
만;0;0;0;0;1E-06
ལ;0;0;0;0;1E-06
布;0;0;0;0;1E-06
Ң;0;0;0;0;1E-06
Ы;0;0;0;0;1E-06
烈;0;0;0;0;1E-06
 ;0;0;0;0;1E-06
寔;0;0;0;0;1E-06
翟;0;0;0;0;1E-06
奎;0;0;0;0;1E-06
刁;0;0;0;0;1E-06
閻;0;0;0;0;1E-06
ᐊ;0;0;0;0;1E-06
斌;0;0;0;0;1E-06
澄;0;0;0;0;1E-06
љ;0;0;0;0;1E-06
ᐸ;0;0;0;0;1E-06
〈;0;0;0;0;1E-06
〉;0;0;0;0;1E-06
乞;0;0;0;0;1E-06
ష;0;0;0;0;1E-06
โ;0;0;0;0;1E-06
鈴;0;0;0;0;1E-06
ລ;0;0;0;0;1E-06
າ;0;0;0;0;1E-06
ກ;0;0;0;0;1E-06
ῥ;0;0;0;0;1E-06
顕;0;0;0;0;1E-06
復;0;0;0;0;1E-06
映;0;0;0;0;1E-06
戀;0;0;0;0;1E-06
憶;0;0;0;0;1E-06
草;0;0;0;0;1E-06
袁;0;0;0;0;1E-06
犬;0;0;0;0;1E-06
晴;0;0;0;0;1E-06
ポ;0;0;0;0;1E-06
舉;0;0;0;0;1E-06
ճ;0;0;0;0;1E-06
勒;0;0;0;0;1E-06
去;0;0;0;0;1E-06
惠;0;0;0;0;1E-06
ṳ;0;0;0;0;1E-06
譚;0;0;0;0;1E-06
揚;0;0;0;0;1E-06
歷;0;0;0;0;1E-06
留;0;0;0;0;1E-06
;0;0;0;0;1E-06
洲;0;0;0;0;1E-06
崎;0;0;0;0;1E-06
條;0;0;0;0;1E-06
卜;0;0;0;0;1E-06
甫;0;0;0;0;1E-06
比;0;0;0;0;1E-06
授;0;0;0;0;1E-06
呂;0;0;0;0;1E-06
根;0;0;0;0;1E-06
廟;0;0;0;0;1E-06
陀;0;0;0;0;1E-06
円;0;0;0;0;1E-06
群;0;0;0;0;1E-06
ἑ;0;0;0;0;1E-06
參;0;0;0;0;1E-06
即;0;0;0;0;1E-06
ℝ;0;0;0;0;1E-06
汪;0;0;0;0;1E-06
Ե;0;0;0;0;1E-06
师;0;0;0;0;1E-06
ṓ;0;0;0;0;1E-06
ḱ;0;0;0;0;1E-06
；;0;0;0;0;1E-06
簡;0;0;0;0;1E-06
淵;0;0;0;0;1E-06
冰;0;0;0;0;1E-06
荒;0;0;0;0;1E-06
至;0;0;0;0;1E-06
仔;0;0;0;0;1E-06
蛇;0;0;0;0;1E-06
圖;0;0;0;0;1E-06
绪;0;0;0;0;1E-06
娘;0;0;0;0;1E-06
帶;0;0;0;0;1E-06
黄;0;0;0;0;1E-06
蔵;0;0;0;0;1E-06
午;0;0;0;0;1E-06
模;0;0;0;0;1E-06
茶;0;0;0;0;1E-06
평;0;0;0;0;1E-06
ΐ;0;0;0;0;1E-06
姬;0;0;0;0;1E-06
象;0;0;0;0;1E-06
散;0;0;0;0;1E-06
요;0;0;0;0;1E-06
생;0;0;0;0;1E-06
柔;0;0;0;0;1E-06
¦;0;0;0;0;1E-06
貴;0;0;0;0;1E-06
騎;0;0;0;0;1E-06
幣;0;0;0;0;1E-06
兒;0;0;0;0;1E-06
諾;0;0;0;0;1E-06
⌊;0;0;0;0;1E-06
柴;0;0;0;0;1E-06
Є;0;0;0;0;1E-06
完;0;0;0;0;1E-06
刺;0;0;0;0;1E-06
兗;0;0;0;0;1E-06
車;0;0;0;0;1E-06
楽;0;0;0;0;1E-06
ഓ;0;0;0;0;1E-06
환;0;0;0;0;1E-06
송;0;0;0;0;1E-06
여;0;0;0;0;1E-06
영;0;0;0;0;1E-06
丁;0;0;0;0;1E-06
ѧ;0;0;0;0;1E-06
錫;0;0;0;0;1E-06
莊;0;0;0;0;1E-06
佑;0;0;0;0;1E-06
녀;0;0;0;0;1E-06
ẫ;0;0;0;0;1E-06
总;0;0;0;0;1E-06
ཀ;0;0;0;0;1E-06
準;0;0;0;0;1E-06
季;0;0;0;0;1E-06
ው;0;0;0;0;1E-06
식;0;0;0;0;1E-06
심;0;0;0;0;1E-06
ऋ;0;0;0;0;1E-06
馆;0;0;0;0;1E-06
ⵣ;0;0;0;0;1E-06
창;0;0;0;0;1E-06
菊;0;0;0;0;1E-06
改;0;0;0;0;1E-06
袋;0;0;0;0;1E-06
ॐ;0;0;0;0;1E-06
遇;0;0;0;0;1E-06
朔;0;0;0;0;1E-06
弼;0;0;0;0;1E-06
ご;0;0;0;0;1E-06
ក;0;0;0;0;1E-06
提;0;0;0;0;1E-06
ಡ;0;0;0;0;1E-06
ಜ;0;0;0;0;1E-06
ី;0;0;0;0;1E-06
ါ;0;0;0;0;1E-06
ഞ;0;0;0;0;1E-06
շ;0;0;0;0;1E-06
¶;0;0;0;0;1E-06
ˠ;0;0;0;0;1E-06
릉;0;0;0;0;1E-06
苑;0;0;0;0;1E-06
佐;0;0;0;0;1E-06
裝;0;0;0;0;1E-06
ᚦ;0;0;0;0;1E-06
ᚢ;0;0;0;0;1E-06
甲;0;0;0;0;1E-06
處;0;0;0;0;1E-06
早;0;0;0;0;1E-06
務;0;0;0;0;1E-06
衡;0;0;0;0;1E-06
饭;0;0;0;0;1E-06
考;0;0;0;0;1E-06
係;0;0;0;0;1E-06
ʁ;0;0;0;0;1E-06
熱;0;0;0;0;1E-06
长;0;0;0;0;1E-06
拉;0;0;0;0;1E-06
㈱;0;0;0;0;1E-06
産;0;0;0;0;1E-06
਼;0;0;0;0;1E-06
奈;0;0;0;0;1E-06
窓;0;0;0;0;1E-06
ಯ;0;0;0;0;1E-06
剛;0;0;0;0;1E-06
ፀ;0;0;0;0;1E-06
ȳ;0;0;0;0;1E-06
怪;0;0;0;0;1E-06
辞;0;0;0;0;1E-06
與;0;0;0;0;1E-06
写;0;0;0;0;1E-06
願;0;0;0;0;1E-06
ォ;0;0;0;0;1E-06
期;0;0;0;0;1E-06
ᛖ;0;0;0;0;1E-06
済;0;0;0;0;1E-06
ᾶ;0;0;0;0;1E-06
ੋ;0;0;0;0;1E-06
̞;0;0;0;0;1E-06
祝;0;0;0;0;1E-06
鉄;0;0;0;0;1E-06
序;0;0;0;0;1E-06
壇;0;0;0;0;1E-06
麻;0;0;0;0;1E-06
ɓ;0;0;0;0;1E-06
ି;0;0;0;0;1E-06
ී;0;0;0;0;1E-06
ඩ;0;0;0;0;1E-06
資;0;0;0;0;1E-06
分;0;0;0;0;1E-06
！;0;0;0;0;1E-06
ێ;0;0;0;0;1E-06
馮;0;0;0;0;1E-06
육;0;0;0;0;1E-06
ሥ;0;0;0;0;1E-06
ซ;0;0;0;0;1E-06
ލ;0;0;0;0;1E-06
Ꭹ;0;0;0;0;1E-06
磐;0;0;0;0;1E-06
추;0;0;0;0;1E-06
〜;0;0;0;0;1E-06
岡;0;0;0;0;1E-06
ฟ;0;0;0;0;1E-06
懿;0;0;0;0;1E-06
督;0;0;0;0;1E-06
嚴;0;0;0;0;1E-06
ﷺ;0;0;0;0;1E-06
ވ;0;0;0;0;1E-06
ކ;0;0;0;0;1E-06
來;0;0;0;0;1E-06
ෙ;0;0;0;0;1E-06
耀;0;0;0;0;1E-06
车;0;0;0;0;1E-06
Ẹ;0;0;0;0;1E-06
औ;0;0;0;0;1E-06
ገ;0;0;0;0;1E-06
休;0;0;0;0;1E-06
ќ;0;0;0;0;1E-06
幸;0;0;0;0;1E-06
ⵎ;0;0;0;0;1E-06
池;0;0;0;0;1E-06
孙;0;0;0;0;1E-06
渾;0;0;0;0;1E-06
涉;0;0;0;0;1E-06
輪;0;0;0;0;1E-06
ረ;0;0;0;0;1E-06
ゥ;0;0;0;0;1E-06
例;0;0;0;0;1E-06
枹;0;0;0;0;1E-06
麴;0;0;0;0;1E-06
훈;0;0;0;0;1E-06
實;0;0;0;0;1E-06
ഉ;0;0;0;0;1E-06
ꙑ;0;0;0;0;1E-06
ម;0;0;0;0;1E-06
ೊ;0;0;0;0;1E-06
陰;0;0;0;0;1E-06
ప;0;0;0;0;1E-06
ǰ;0;0;0;0;1E-06
복;0;0;0;0;1E-06
ⴱ;0;0;0;0;1E-06
牙;0;0;0;0;1E-06
乘;0;0;0;0;1E-06
砲;0;0;0;0;1E-06
蒙;0;0;0;0;1E-06
세;0;0;0;0;1E-06
鶴;0;0;0;0;1E-06
ʂ;0;0;0;0;1E-06
養;0;0;0;0;1E-06
ถ;0;0;0;0;1E-06
∃;0;0;0;0;1E-06
兩;0;0;0;0;1E-06
ୁ;0;0;0;0;1E-06
ቅ;0;0;0;0;1E-06
ཁ;0;0;0;0;1E-06
☮;0;0;0;0;1E-06
ۇ;0;0;0;0;1E-06
攸;0;0;0;0;1E-06
殷;0;0;0;0;1E-06
ො;0;0;0;0;1E-06
顗;0;0;0;0;1E-06
驤;0;0;0;0;1E-06
ʤ;0;0;0;0;1E-06
Ғ;0;0;0;0;1E-06
ғ;0;0;0;0;1E-06
ᑭ;0;0;0;0;1E-06
ᕐ;0;0;0;0;1E-06
ᖅ;0;0;0;0;1E-06
场;0;0;0;0;1E-06
邃;0;0;0;0;1E-06
ޅ;0;0;0;0;1E-06
洛;0;0;0;0;1E-06
⎼;0;0;0;0;1E-06
ᐱ;0;0;0;0;1E-06
ᐢ;0;0;0;0;1E-06
枋;0;0;0;0;1E-06
遲;0;0;0;0;1E-06
ై;0;0;0;0;1E-06
ౌ;0;0;0;0;1E-06
Ɗ;0;0;0;0;1E-06
ʙ;0;0;0;0;1E-06
굴;0;0;0;0;1E-06
ყ;0;0;0;0;1E-06
銘;0;0;0;0;1E-06
̂;0;0;0;0;1E-06
ӧ;0;0;0;0;1E-06
珠;0;0;0;0;1E-06
Ė;0;0;0;0;1E-06
ດ;0;0;0;0;1E-06
慈;0;0;0;0;1E-06
廉;0;0;0;0;1E-06
置;0;0;0;0;1E-06
裁;0;0;0;0;1E-06
判;0;0;0;0;1E-06
邕;0;0;0;0;1E-06
风;0;0;0;0;1E-06
护;0;0;0;0;1E-06
迪;0;0;0;0;1E-06
念;0;0;0;0;1E-06
龕;0;0;0;0;1E-06
載;0;0;0;0;1E-06
僧;0;0;0;0;1E-06
敦;0;0;0;0;1E-06
應;0;0;0;0;1E-06
孔;0;0;0;0;1E-06
紫;0;0;0;0;1E-06
範;0;0;0;0;1E-06
단;0;0;0;0;1E-06
苦;0;0;0;0;1E-06
չ;0;0;0;0;1E-06
融;0;0;0;0;1E-06
禍;0;0;0;0;1E-06
ढ;0;0;0;0;1E-06
វ;0;0;0;0;1E-06
葛;0;0;0;0;1E-06
寿;0;0;0;0;1E-06
徳;0;0;0;0;1E-06
倉;0;0;0;0;1E-06
庵;0;0;0;0;1E-06
及;0;0;0;0;1E-06
け;0;0;0;0;1E-06
圍;0;0;0;0;1E-06
ὺ;0;0;0;0;1E-06
Ժ;0;0;0;0;1E-06
Ἱ;0;0;0;0;1E-06
Ｇ;0;0;0;0;1E-06
果;0;0;0;0;1E-06
豐;0;0;0;0;1E-06
恒;0;0;0;0;1E-06
봉;0;0;0;0;1E-06
勃;0;0;0;0;1E-06
强;0;0;0;0;1E-06
絲;0;0;0;0;1E-06
狂;0;0;0;0;1E-06
游;0;0;0;0;1E-06
戲;0;0;0;0;1E-06
ɗ;0;0;0;0;1E-06
樊;0;0;0;0;1E-06
旦;0;0;0;0;1E-06
乌;0;0;0;0;1E-06
洞;0;0;0;0;1E-06
杨;0;0;0;0;1E-06
将;0;0;0;0;1E-06
視;0;0;0;0;1E-06
争;0;0;0;0;1E-06
虹;0;0;0;0;1E-06
을;0;0;0;0;1E-06
온;0;0;0;0;1E-06
Й;0;0;0;0;1E-06
Ն;0;0;0;0;1E-06
仏;0;0;0;0;1E-06
岐;0;0;0;0;1E-06
蔣;0;0;0;0;1E-06
ׂ;0;0;0;0;1E-06
ት;0;0;0;0;1E-06
红;0;0;0;0;1E-06
炒;0;0;0;0;1E-06
방;0;0;0;0;1E-06
Ꮹ;0;0;0;0;1E-06
姓;0;0;0;0;1E-06
ஒ;0;0;0;0;1E-06
冬;0;0;0;0;1E-06
혜;0;0;0;0;1E-06
慎;0;0;0;0;1E-06
執;0;0;0;0;1E-06
฿;0;0;0;0;1E-06
Ә;0;0;0;0;1E-06
马;0;0;0;0;1E-06
坊;0;0;0;0;1E-06
憲;0;0;0;0;1E-06
瑞;0;0;0;0;1E-06
鳥;0;0;0;0;1E-06
種;0;0;0;0;1E-06
維;0;0;0;0;1E-06
幼;0;0;0;0;1E-06
ȝ;0;0;0;0;1E-06
ཞ;0;0;0;0;1E-06
逸;0;0;0;0;1E-06
₽;0;0;0;0;1E-06
들;0;0;0;0;1E-06
發;0;0;0;0;1E-06
卿;0;0;0;0;1E-06
浜;0;0;0;0;1E-06
״;0;0;0;0;1E-06
 ;0;0;0;0;1E-06
恵;0;0;0;0;1E-06
賢;0;0;0;0;1E-06
衣;0;0;0;0;1E-06
碩;0;0;0;0;1E-06
媒;0;0;0;0;1E-06
ね;0;0;0;0;1E-06
ታ;0;0;0;0;1E-06
ɯ;0;0;0;0;1E-06
易;0;0;0;0;1E-06
ဆ;0;0;0;0;1E-06
播;0;0;0;0;1E-06
妹;0;0;0;0;1E-06
格;0;0;0;0;1E-06
别;0;0;0;0;1E-06
迎;0;0;0;0;1E-06
艺;0;0;0;0;1E-06
俱;0;0;0;0;1E-06
津;0;0;0;0;1E-06
負;0;0;0;0;1E-06
助;0;0;0;0;1E-06
規;0;0;0;0;1E-06
傅;0;0;0;0;1E-06
崔;0;0;0;0;1E-06
露;0;0;0;0;1E-06
薛;0;0;0;0;1E-06
労;0;0;0;0;1E-06
働;0;0;0;0;1E-06
바;0;0;0;0;1E-06
석;0;0;0;0;1E-06
등;0;0;0;0;1E-06
亞;0;0;0;0;1E-06
ऊ;0;0;0;0;1E-06
≃;0;0;0;0;1E-06
岸;0;0;0;0;1E-06
头;0;0;0;0;1E-06
因;0;0;0;0;1E-06
造;0;0;0;0;1E-06
団;0;0;0;0;1E-06
ἴ;0;0;0;0;1E-06
ꜧ;0;0;0;0;1E-06
Ĝ;0;0;0;0;1E-06
ȇ;0;0;0;0;1E-06
Ḩ;0;0;0;0;1E-06
彰;0;0;0;0;1E-06
광;0;0;0;0;1E-06
Ŋ;0;0;0;0;1E-06
楼;0;0;0;0;1E-06
ಂ;0;0;0;0;1E-06
ံ;0;0;0;0;1E-06
輔;0;0;0;0;1E-06
桐;0;0;0;0;1E-06
兀;0;0;0;0;1E-06
竹;0;0;0;0;1E-06
鍾;0;0;0;0;1E-06
彦;0;0;0;0;1E-06
Ђ;0;0;0;0;1E-06
월;0;0;0;0;1E-06
낙;0;0;0;0;1E-06
町;0;0;0;0;1E-06
덕;0;0;0;0;1E-06
于;0;0;0;0;1E-06
ᚠ;0;0;0;0;1E-06
ᚱ;0;0;0;0;1E-06
舌;0;0;0;0;1E-06
墨;0;0;0;0;1E-06
铁;0;0;0;0;1E-06
差;0;0;0;0;1E-06
芳;0;0;0;0;1E-06
属;0;0;0;0;1E-06
ഇ;0;0;0;0;1E-06
ؤ;0;0;0;0;1E-06
ನ;0;0;0;0;1E-06
ಬ;0;0;0;0;1E-06
ಣ;0;0;0;0;1E-06
駿;0;0;0;0;1E-06
湾;0;0;0;0;1E-06
皆;0;0;0;0;1E-06
統;0;0;0;0;1E-06
妖;0;0;0;0;1E-06
勤;0;0;0;0;1E-06
【;0;0;0;0;1E-06
】;0;0;0;0;1E-06
決;0;0;0;0;1E-06
戒;0;0;0;0;1E-06
尹;0;0;0;0;1E-06
ዝ;0;0;0;0;1E-06
ច;0;0;0;0;1E-06
咫;0;0;0;0;1E-06
広;0;0;0;0;1E-06
ᚪ;0;0;0;0;1E-06
歲;0;0;0;0;1E-06
勾;0;0;0;0;1E-06
掌;0;0;0;0;1E-06
禁;0;0;0;0;1E-06
ય;0;0;0;0;1E-06
્;0;0;0;0;1E-06
ર;0;0;0;0;1E-06
暗;0;0;0;0;1E-06
↓;0;0;0;0;1E-06
曉;0;0;0;0;1E-06
ぬ;0;0;0;0;1E-06
ɦ;0;0;0;0;1E-06
법;0;0;0;0;1E-06
鐵;0;0;0;0;1E-06
終;0;0;0;0;1E-06
甄;0;0;0;0;1E-06
為;0;0;0;0;1E-06
◌;0;0;0;0;1E-06
病;0;0;0;0;1E-06
渋;0;0;0;0;1E-06
ץ;0;0;0;0;1E-06
ऐ;0;0;0;0;1E-06
Ơ;0;0;0;0;1E-06
ഷ;0;0;0;0;1E-06
ງ;0;0;0;0;1E-06
朴;0;0;0;0;1E-06
ණ;0;0;0;0;1E-06
斤;0;0;0;0;1E-06
️;0;0;0;0;1E-06
持;0;0;0;0;1E-06
続;0;0;0;0;1E-06
増;0;0;0;0;1E-06
転;0;0;0;0;1E-06
焚;0;0;0;0;1E-06
體;0;0;0;0;1E-06
观;0;0;0;0;1E-06
ཡ;0;0;0;0;1E-06
ੁ;0;0;0;0;1E-06
ੂ;0;0;0;0;1E-06
ਬ;0;0;0;0;1E-06
尔;0;0;0;0;1E-06
ሐ;0;0;0;0;1E-06
˞;0;0;0;0;1E-06
舟;0;0;0;0;1E-06
團;0;0;0;0;1E-06
ゆ;0;0;0;0;1E-06
臺;0;0;0;0;1E-06
雞;0;0;0;0;1E-06
ሴ;0;0;0;0;1E-06
盤;0;0;0;0;1E-06
爾;0;0;0;0;1E-06
变;0;0;0;0;1E-06
諸;0;0;0;0;1E-06
湯;0;0;0;0;1E-06
황;0;0;0;0;1E-06
座;0;0;0;0;1E-06
抄;0;0;0;0;1E-06
継;0;0;0;0;1E-06
滿;0;0;0;0;1E-06
梅;0;0;0;0;1E-06
未;0;0;0;0;1E-06
ฃ;0;0;0;0;1E-06
̚;0;0;0;0;1E-06
献;0;0;0;0;1E-06
収;0;0;0;0;1E-06
説;0;0;0;0;1E-06
賽;0;0;0;0;1E-06
ތ;0;0;0;0;1E-06
ነ;0;0;0;0;1E-06
ˇ;0;0;0;0;1E-06
靖;0;0;0;0;1E-06
儒;0;0;0;0;1E-06
庭;0;0;0;0;1E-06
ἶ;0;0;0;0;1E-06
⸨;0;0;0;0;1E-06
⸩;0;0;0;0;1E-06
汽;0;0;0;0;1E-06
ᾱ;0;0;0;0;1E-06
樹;0;0;0;0;1E-06
ˆ;0;0;0;0;1E-06
珊;0;0;0;0;1E-06
⍴;0;0;0;0;1E-06
⌽;0;0;0;0;1E-06
声;0;0;0;0;1E-06
⁽;0;0;0;0;1E-06
⁾;0;0;0;0;1E-06
冠;0;0;0;0;1E-06
ߙ;0;0;0;0;1E-06
ዘ;0;0;0;0;1E-06
በ;0;0;0;0;1E-06
ሰ;0;0;0;0;1E-06
ይ;0;0;0;0;1E-06
ஊ;0;0;0;0;1E-06
但;0;0;0;0;1E-06
意;0;0;0;0;1E-06
예;0;0;0;0;1E-06
岳;0;0;0;0;1E-06
堪;0;0;0;0;1E-06
ぇ;0;0;0;0;1E-06
壁;0;0;0;0;1E-06
堅;0;0;0;0;1E-06
매;0;0;0;0;1E-06
박;0;0;0;0;1E-06
梧;0;0;0;0;1E-06
Ƿ;0;0;0;0;1E-06
₁;0;0;0;0;1E-06
指;0;0;0;0;1E-06
គ;0;0;0;0;1E-06
ខ;0;0;0;0;1E-06
叡;0;0;0;0;1E-06
피;0;0;0;0;1E-06
ɭ;0;0;0;0;1E-06
失;0;0;0;0;1E-06
ማ;0;0;0;0;1E-06
ያ;0;0;0;0;1E-06
恢;0;0;0;0;1E-06
ထ;0;0;0;0;1E-06
敕;0;0;0;0;1E-06
邑;0;0;0;0;1E-06
毀;0;0;0;0;1E-06
穆;0;0;0;0;1E-06
̩;0;0;0;0;1E-06
ₐ;0;0;0;0;1E-06
栄;0;0;0;0;1E-06
외;0;0;0;0;1E-06
戎;0;0;0;0;1E-06
辣;0;0;0;0;1E-06
暴;0;0;0;0;1E-06
楚;0;0;0;0;1E-06
ཏ;0;0;0;0;1E-06
拔;0;0;0;0;1E-06
협;0;0;0;0;1E-06
두;0;0;0;0;1E-06
ወ;0;0;0;0;1E-06
ጣ;0;0;0;0;1E-06
厦;0;0;0;0;1E-06
ළ;0;0;0;0;1E-06
ŉ;0;0;0;0;1E-06
消;0;0;0;0;1E-06
广;0;0;0;0;1E-06
婆;0;0;0;0;1E-06
冉;0;0;0;0;1E-06
充;0;0;0;0;1E-06
湘;0;0;0;0;1E-06
羕;0;0;0;0;1E-06
Ɵ;0;0;0;0;1E-06
奕;0;0;0;0;1E-06
膺;0;0;0;0;1E-06
柸;0;0;0;0;1E-06
쌀;0;0;0;0;1E-06
服;0;0;0;0;1E-06
ᔪ;0;0;0;0;1E-06
姜;0;0;0;0;1E-06
ᑦ;0;0;0;0;1E-06
矢;0;0;0;0;1E-06
ആ;0;0;0;0;1E-06
瞱;0;0;0;0;1E-06
顯;0;0;0;0;1E-06
勳;0;0;0;0;1E-06
壯;0;0;0;0;1E-06
圣;0;0;0;0;1E-06
출;0;0;0;0;1E-06
ގ;0;0;0;0;1E-06
ޮ;0;0;0;0;1E-06
ފ;0;0;0;0;1E-06
˥;0;0;0;0;1E-06
̟;0;0;0;0;1E-06
弁;0;0;0;0;1E-06
刘;0;0;0;0;1E-06
ᔥ;0;0;0;0;1E-06
ᐡ;0;0;0;0;1E-06
택;0;0;0;0;1E-06
奴;0;0;0;0;1E-06
涅;0;0;0;0;1E-06
椒;0;0;0;0;1E-06
ҫ;0;0;0;0;1E-06
땅;0;0;0;0;1E-06
魁;0;0;0;0;1E-06
該;0;0;0;0;1E-06
ᒑ;0;0;0;0;1E-06
ᒃ;0;0;0;0;1E-06
晃;0;0;0;0;1E-06
◦;0;0;0;0;1E-06
ట;0;0;0;0;1E-06
ひ;0;0;0;0;1E-06
ܡ;0;0;0;0;1E-06
거;0;0;0;0;1E-06
殘;0;0;0;0;1E-06
ஸ;0;0;0;0;1E-06
圭;0;0;0;0;1E-06
乃;0;0;0;0;1E-06
俚;0;0;0;0;1E-06
綿;0;0;0;0;1E-06
ສ;0;0;0;0;1E-06
ӷ;0;0;0;0;1E-06
蕭;0;0;0;0;1E-06
₤;0;0;0;0;1E-06
每;0;0;0;0;1E-06
住;0;0;0;0;1E-06
薄;0;0;0;0;1E-06
潘;0;0;0;0;1E-06
徽;0;0;0;0;1E-06
邊;0;0;0;0;1E-06
Բ;0;0;0;0;1E-06
碟;0;0;0;0;1E-06
ျ;0;0;0;0;1E-06
ဇ;0;0;0;0;1E-06
彪;0;0;0;0;1E-06
魯;0;0;0;0;1E-06
異;0;0;0;0;1E-06
澳;0;0;0;0;1E-06
ὕ;0;0;0;0;1E-06
冷;0;0;0;0;1E-06
委;0;0;0;0;1E-06
級;0;0;0;0;1E-06
≪;0;0;0;0;1E-06
邳;0;0;0;0;1E-06
ញ;0;0;0;0;1E-06
弟;0;0;0;0;1E-06
范;0;0;0;0;1E-06
絵;0;0;0;0;1E-06
鬼;0;0;0;0;1E-06
怕;0;0;0;0;1E-06
莫;0;0;0;0;1E-06
般;0;0;0;0;1E-06
厚;0;0;0;0;1E-06
設;0;0;0;0;1E-06
薬;0;0;0;0;1E-06
混;0;0;0;0;1E-06
勿;0;0;0;0;1E-06
Ῥ;0;0;0;0;1E-06
走;0;0;0;0;1E-06
ゴ;0;0;0;0;1E-06
ｏ;0;0;0;0;1E-06
យ;0;0;0;0;1E-06
裏;0;0;0;0;1E-06
航;0;0;0;0;1E-06
聯;0;0;0;0;1E-06
甜;0;0;0;0;1E-06
醉;0;0;0;0;1E-06
泥;0;0;0;0;1E-06
型;0;0;0;0;1E-06
警;0;0;0;0;1E-06
ٱ;0;0;0;0;1E-06
宛;0;0;0;0;1E-06
̌;0;0;0;0;1E-06
鸿;0;0;0;0;1E-06
奥;0;0;0;0;1E-06
门;0;0;0;0;1E-06
誌;0;0;0;0;1E-06
ば;0;0;0;0;1E-06
Ě;0;0;0;0;1E-06
Ё;0;0;0;0;1E-06
肇;0;0;0;0;1E-06
繇;0;0;0;0;1E-06
槐;0;0;0;0;1E-06
衍;0;0;0;0;1E-06
絕;0;0;0;0;1E-06
Ꭿ;0;0;0;0;1E-06
征;0;0;0;0;1E-06
⇒;0;0;0;0;1E-06
달;0;0;0;0;1E-06
犢;0;0;0;0;1E-06
糸;0;0;0;0;1E-06
림;0;0;0;0;1E-06
杏;0;0;0;0;1E-06
豪;0;0;0;0;1E-06
旗;0;0;0;0;1E-06
队;0;0;0;0;1E-06
韩;0;0;0;0;1E-06
Ẓ;0;0;0;0;1E-06
彼;0;0;0;0;1E-06
廊;0;0;0;0;1E-06
覽;0;0;0;0;1E-06
荆;0;0;0;0;1E-06
ў;0;0;0;0;1E-06
各;0;0;0;0;1E-06
歳;0;0;0;0;1E-06
ഴ;0;0;0;0;1E-06
む;0;0;0;0;1E-06
誠;0;0;0;0;1E-06
芬;0;0;0;0;1E-06
杉;0;0;0;0;1E-06
微;0;0;0;0;1E-06
計;0;0;0;0;1E-06
々;0;0;0;0;1E-06
옥;0;0;0;0;1E-06
섭;0;0;0;0;1E-06
숙;0;0;0;0;1E-06
저;0;0;0;0;1E-06
반;0;0;0;0;1E-06
말;0;0;0;0;1E-06
溥;0;0;0;0;1E-06
丞;0;0;0;0;1E-06
渠;0;0;0;0;1E-06
怒;0;0;0;0;1E-06
‛;0;0;0;0;1E-06
鱼;0;0;0;0;1E-06
监;0;0;0;0;1E-06
伽;0;0;0;0;1E-06
҃;0;0;0;0;1E-06
길;0;0;0;0;1E-06
翁;0;0;0;0;1E-06
飯;0;0;0;0;1E-06
鈞;0;0;0;0;1E-06
她;0;0;0;0;1E-06
Ἁ;0;0;0;0;1E-06
သ;0;0;0;0;1E-06
ှ;0;0;0;0;1E-06
蒼;0;0;0;0;1E-06
薇;0;0;0;0;1E-06
奖;0;0;0;0;1E-06
就;0;0;0;0;1E-06
欢;0;0;0;0;1E-06
ຣ;0;0;0;0;1E-06
ມ;0;0;0;0;1E-06
Դ;0;0;0;0;1E-06
器;0;0;0;0;1E-06
隨;0;0;0;0;1E-06
幫;0;0;0;0;1E-06
遵;0;0;0;0;1E-06
謙;0;0;0;0;1E-06
悉;0;0;0;0;1E-06
티;0;0;0;0;1E-06
레;0;0;0;0;1E-06
县;0;0;0;0;1E-06
ფ;0;0;0;0;1E-06
처;0;0;0;0;1E-06
ʋ;0;0;0;0;1E-06
ɻ;0;0;0;0;1E-06
ਧ;0;0;0;0;1E-06
ੇ;0;0;0;0;1E-06
੍;0;0;0;0;1E-06
笑;0;0;0;0;1E-06
舎;0;0;0;0;1E-06
ẗ;0;0;0;0;1E-06
Պ;0;0;0;0;1E-06
翰;0;0;0;0;1E-06
집;0;0;0;0;1E-06
箸;0;0;0;0;1E-06
ゅ;0;0;0;0;1E-06
顾;0;0;0;0;1E-06
ទ;0;0;0;0;1E-06
េ;0;0;0;0;1E-06
⋯;0;0;0;0;1E-06
迦;0;0;0;0;1E-06
ଶ;0;0;0;0;1E-06
ଳ;0;0;0;0;1E-06
Ք;0;0;0;0;1E-06
ጋ;0;0;0;0;1E-06
寻;0;0;0;0;1E-06
坪;0;0;0;0;1E-06
投;0;0;0;0;1E-06
ጤ;0;0;0;0;1E-06
□;0;0;0;0;1E-06
ึ;0;0;0;0;1E-06
ǂ;0;0;0;0;1E-06
騰;0;0;0;0;1E-06
浮;0;0;0;0;1E-06
ආ;0;0;0;0;1E-06
ශ;0;0;0;0;1E-06
ජ;0;0;0;0;1E-06
ධ;0;0;0;0;1E-06
灯;0;0;0;0;1E-06
点;0;0;0;0;1E-06
余;0;0;0;0;1E-06
헌;0;0;0;0;1E-06
牢;0;0;0;0;1E-06
亂;0;0;0;0;1E-06
₺;0;0;0;0;1E-06
刻;0;0;0;0;1E-06
爱;0;0;0;0;1E-06
অ;0;0;0;0;1E-06
漪;0;0;0;0;1E-06
錄;0;0;0;0;1E-06
祥;0;0;0;0;1E-06
ɳ;0;0;0;0;1E-06
업;0;0;0;0;1E-06
串;0;0;0;0;1E-06
遊;0;0;0;0;1E-06
ऽ;0;0;0;0;1E-06
ೂ;0;0;0;0;1E-06
侍;0;0;0;0;1E-06
両;0;0;0;0;1E-06
稽;0;0;0;0;1E-06
案;0;0;0;0;1E-06
槍;0;0;0;0;1E-06
瘋;0;0;0;0;1E-06
鎌;0;0;0;0;1E-06
ƛ;0;0;0;0;1E-06
反;0;0;0;0;1E-06
び;0;0;0;0;1E-06
告;0;0;0;0;1E-06
滑;0;0;0;0;1E-06
步;0;0;0;0;1E-06
ܥ;0;0;0;0;1E-06
ግ;0;0;0;0;1E-06
ិ;0;0;0;0;1E-06
必;0;0;0;0;1E-06
蹴;0;0;0;0;1E-06
援;0;0;0;0;1E-06
偵;0;0;0;0;1E-06
央;0;0;0;0;1E-06
树;0;0;0;0;1E-06
વ;0;0;0;0;1E-06
મ;0;0;0;0;1E-06
િ;0;0;0;0;1E-06
량;0;0;0;0;1E-06
割;0;0;0;0;1E-06
Ë;0;0;0;0;1E-06
≘;0;0;0;0;1E-06
唇;0;0;0;0;1E-06
ཤ;0;0;0;0;1E-06
ɰ;0;0;0;0;1E-06
碼;0;0;0;0;1E-06
妮;0;0;0;0;1E-06
孤;0;0;0;0;1E-06
歡;0;0;0;0;1E-06
祭;0;0;0;0;1E-06
ਘ;0;0;0;0;1E-06
斉;0;0;0;0;1E-06
静;0;0;0;0;1E-06
芸;0;0;0;0;1E-06
ଆ;0;0;0;0;1E-06
డ;0;0;0;0;1E-06
括;0;0;0;0;1E-06
号;0;0;0;0;1E-06
卓;0;0;0;0;1E-06
巧;0;0;0;0;1E-06
ྗ;0;0;0;0;1E-06
ਪ;0;0;0;0;1E-06
ਉ;0;0;0;0;1E-06
ڵ;0;0;0;0;1E-06
秘;0;0;0;0;1E-06
ድ;0;0;0;0;1E-06
ከ;0;0;0;0;1E-06
ਭ;0;0;0;0;1E-06
脚;0;0;0;0;1E-06
ἦ;0;0;0;0;1E-06
倭;0;0;0;0;1E-06
胜;0;0;0;0;1E-06
බ;0;0;0;0;1E-06
賜;0;0;0;0;1E-06
假;0;0;0;0;1E-06
秉;0;0;0;0;1E-06
藥;0;0;0;0;1E-06
鑑;0;0;0;0;1E-06
ღ;0;0;0;0;1E-06
ህ;0;0;0;0;1E-06
Ί;0;0;0;0;1E-06
唯;0;0;0;0;1E-06
疾;0;0;0;0;1E-06
베;0;0;0;0;1E-06
居;0;0;0;0;1E-06
抜;0;0;0;0;1E-06
際;0;0;0;0;1E-06
施;0;0;0;0;1E-06
偉;0;0;0;0;1E-06
탕;0;0;0;0;1E-06
惡;0;0;0;0;1E-06
누;0;0;0;0;1E-06
荣;0;0;0;0;1E-06
ǖ;0;0;0;0;1E-06
Ꭶ;0;0;0;0;1E-06
Ꮎ;0;0;0;0;1E-06
塚;0;0;0;0;1E-06
除;0;0;0;0;1E-06
입;0;0;0;0;1E-06
ɂ;0;0;0;0;1E-06
Ἴ;0;0;0;0;1E-06
목;0;0;0;0;1E-06
摶;0;0;0;0;1E-06
頓;0;0;0;0;1E-06
遺;0;0;0;0;1E-06
岩;0;0;0;0;1E-06
訂;0;0;0;0;1E-06
当;0;0;0;0;1E-06
暉;0;0;0;0;1E-06
玩;0;0;0;0;1E-06
咸;0;0;0;0;1E-06
丕;0;0;0;0;1E-06
ራ;0;0;0;0;1E-06
ც;0;0;0;0;1E-06
₵;0;0;0;0;1E-06
爭;0;0;0;0;1E-06
ጌ;0;0;0;0;1E-06
ჯ;0;0;0;0;1E-06
感;0;0;0;0;1E-06
ף;0;0;0;0;1E-06
ヌ;0;0;0;0;1E-06
Ã;0;0;0;0;1E-06
Ư;0;0;0;0;1E-06
響;0;0;0;0;1E-06
电;0;0;0;0;1E-06
覺;0;0;0;0;1E-06
◯;0;0;0;0;1E-06
跡;0;0;0;0;1E-06
倫;0;0;0;0;1E-06
淨;0;0;0;0;1E-06
股;0;0;0;0;1E-06
ዛ;0;0;0;0;1E-06
놀;0;0;0;0;1E-06
Ǝ;0;0;0;0;1E-06
慧;0;0;0;0;1E-06
蠻;0;0;0;0;1E-06
藝;0;0;0;0;1E-06
練;0;0;0;0;1E-06
⋄;0;0;0;0;1E-06
歐;0;0;0;0;1E-06
ঢ;0;0;0;0;1E-06
專;0;0;0;0;1E-06
纪;0;0;0;0;1E-06
ⵖ;0;0;0;0;1E-06
ⵜ;0;0;0;0;1E-06
孩;0;0;0;0;1E-06
凡;0;0;0;0;1E-06
骨;0;0;0;0;1E-06
伟;0;0;0;0;1E-06
̶;0;0;0;0;1E-06
߫;0;0;0;0;1E-06
እ;0;0;0;0;1E-06
啲;0;0;0;0;1E-06
腐;0;0;0;0;1E-06
ふ;0;0;0;0;1E-06
耶;0;0;0;0;1E-06
匿;0;0;0;0;1E-06
郁;0;0;0;0;1E-06
ⴷ;0;0;0;0;1E-06
琛;0;0;0;0;1E-06
鴻;0;0;0;0;1E-06
ɐ;0;0;0;0;1E-06
₨;0;0;0;0;1E-06
★;0;0;0;0;1E-06
塗;0;0;0;0;1E-06
과;0;0;0;0;1E-06
령;0;0;0;0;1E-06
간;0;0;0;0;1E-06
승;0;0;0;0;1E-06
实;0;0;0;0;1E-06
①;0;0;0;0;1E-06
②;0;0;0;0;1E-06
③;0;0;0;0;1E-06
浅;0;0;0;0;1E-06
ൺ;0;0;0;0;1E-06
ѓ;0;0;0;0;1E-06
營;0;0;0;0;1E-06
濩;0;0;0;0;1E-06
餅;0;0;0;0;1E-06
過;0;0;0;0;1E-06
戶;0;0;0;0;1E-06
립;0;0;0;0;1E-06
몰;0;0;0;0;1E-06
앤;0;0;0;0;1E-06
울;0;0;0;0;1E-06
羌;0;0;0;0;1E-06
便;0;0;0;0;1E-06
님;0;0;0;0;1E-06
를;0;0;0;0;1E-06
訓;0;0;0;0;1E-06
膏;0;0;0;0;1E-06
軌;0;0;0;0;1E-06
胤;0;0;0;0;1E-06
曰;0;0;0;0;1E-06
碑;0;0;0;0;1E-06
致;0;0;0;0;1E-06
철;0;0;0;0;1E-06
私;0;0;0;0;1E-06
စ;0;0;0;0;1E-06
ڬ;0;0;0;0;1E-06
肅;0;0;0;0;1E-06
ₒ;0;0;0;0;1E-06
咖;0;0;0;0;1E-06
財;0;0;0;0;1E-06
္;0;0;0;0;1E-06
버;0;0;0;0;1E-06
协;0;0;0;0;1E-06
ට;0;0;0;0;1E-06
譯;0;0;0;0;1E-06
轉;0;0;0;0;1E-06
蝶;0;0;0;0;1E-06
✕;0;0;0;0;1E-06
ା;0;0;0;0;1E-06
娜;0;0;0;0;1E-06
毎;0;0;0;0;1E-06
父;0;0;0;0;1E-06
汝;0;0;0;0;1E-06
非;0;0;0;0;1E-06
ྟ;0;0;0;0;1E-06
ཐ;0;0;0;0;1E-06
ཕ;0;0;0;0;1E-06
垢;0;0;0;0;1E-06
蕉;0;0;0;0;1E-06
ۅ;0;0;0;0;1E-06
箏;0;0;0;0;1E-06
Ɨ;0;0;0;0;1E-06
綱;0;0;0;0;1E-06
터;0;0;0;0;1E-06
桑;0;0;0;0;1E-06
실;0;0;0;0;1E-06
尸;0;0;0;0;1E-06
列;0;0;0;0;1E-06
Щ;0;0;0;0;1E-06
艹;0;0;0;0;1E-06
邝;0;0;0;0;1E-06
瑤;0;0;0;0;1E-06
蕩;0;0;0;0;1E-06
参;0;0;0;0;1E-06
ஏ;0;0;0;0;1E-06
娑;0;0;0;0;1E-06
玝;0;0;0;0;1E-06
昶;0;0;0;0;1E-06
筆;0;0;0;0;1E-06
裒;0;0;0;0;1E-06
람;0;0;0;0;1E-06
ৰ;0;0;0;0;1E-06
閣;0;0;0;0;1E-06
Ḏ;0;0;0;0;1E-06
‫;0;0;0;0;1E-06
‬;0;0;0;0;1E-06
ꞑ;0;0;0;0;1E-06
芹;0;0;0;0;1E-06
ῷ;0;0;0;0;1E-06
璞;0;0;0;0;1E-06
ゼ;0;0;0;0;1E-06
절;0;0;0;0;1E-06
毫;0;0;0;0;1E-06
ᑎ;0;0;0;0;1E-06
채;0;0;0;0;1E-06
ฮ;0;0;0;0;1E-06
起;0;0;0;0;1E-06
ഊ;0;0;0;0;1E-06
顧;0;0;0;0;1E-06
Ÿ;0;0;0;0;1E-06
遼;0;0;0;0;1E-06
姨;0;0;0;0;1E-06
綫;0;0;0;0;1E-06
龔;0;0;0;0;1E-06
涂;0;0;0;0;1E-06
禄;0;0;0;0;1E-06
攝;0;0;0;0;1E-06
금;0;0;0;0;1E-06
점;0;0;0;0;1E-06
폭;0;0;0;0;1E-06
ބ;0;0;0;0;1E-06
幡;0;0;0;0;1E-06
ょ;0;0;0;0;1E-06
瑶;0;0;0;0;1E-06
鸡;0;0;0;0;1E-06
乱;0;0;0;0;1E-06
ᑕ;0;0;0;0;1E-06
ᐯ;0;0;0;0;1E-06
ᐳ;0;0;0;0;1E-06
叻;0;0;0;0;1E-06
嶼;0;0;0;0;1E-06
呷;0;0;0;0;1E-06
爪;0;0;0;0;1E-06
楷;0;0;0;0;1E-06
బ;0;0;0;0;1E-06
輿;0;0;0;0;1E-06
ਣ;0;0;0;0;1E-06
Ɓ;0;0;0;0;1E-06
Ɠ;0;0;0;0;1E-06
壺;0;0;0;0;1E-06
潞;0;0;0;0;1E-06
١;0;0;0;0;1E-06
측;0;0;0;0;1E-06
嵩;0;0;0;0;1E-06
६;0;0;0;0;1E-06
闘;0;0;0;0;1E-06
ܢ;0;0;0;0;1E-06
斂;0;0;0;0;1E-06
鞍;0;0;0;0;1E-06
십;0;0;0;0;1E-06
嵬;0;0;0;0;1E-06
అ;0;0;0;0;0
柱;0;0;0;0;0
Ŭ;0;0;0;0;0
ే;0;0;0;0;0
俺;0;0;0;0;0
権;0;0;0;0;0
巳;0;0;0;0;0
◊;0;0;0;0;0
匡;0;0;0;0;0
鄜;0;0;0;0;0
ບ;0;0;0;0;0
ໍ;0;0;0;0;0
ັ;0;0;0;0;0
ເ;0;0;0;0;0
ວ;0;0;0;0;0
ӈ;0;0;0;0;0
沪;0;0;0;0;0
獠;0;0;0;0;0
邨;0;0;0;0;0
稻;0;0;0;0;0
ヨ;0;0;0;0;0
量;0;0;0;0;0
罪;0;0;0;0;0
浙;0;0;0;0;0
泗;0;0;0;0;0
纳;0;0;0;0;0
斯;0;0;0;0;0
Љ;0;0;0;0;0
⌈;0;0;0;0;0
味;0;0;0;0;0
銅;0;0;0;0;0
ĺ;0;0;0;0;0
蒨;0;0;0;0;0
曇;0;0;0;0;0
韋;0;0;0;0;0
嗣;0;0;0;0;0
皖;0;0;0;0;0
稜;0;0;0;0;0
敷;0;0;0;0;0
洗;0;0;0;0;0
奐;0;0;0;0;0
樞;0;0;0;0;0
温;0;0;0;0;0
⍺;0;0;0;0;0
昏;0;0;0;0;0
寂;0;0;0;0;0
埔;0;0;0;0;0
鳴;0;0;0;0;0
丙;0;0;0;0;0
Շ;0;0;0;0;0
黨;0;0;0;0;0
면;0;0;0;0;0
०;0;0;0;0;0
៉;0;0;0;0;0
霍;0;0;0;0;0
塔;0;0;0;0;0
整;0;0;0;0;0
覚;0;0;0;0;0
浄;0;0;0;0;0
妙;0;0;0;0;0
悦;0;0;0;0;0
峨;0;0;0;0;0
劈;0;0;0;0;0
掛;0;0;0;0;0
害;0;0;0;0;0
嘆;0;0;0;0;0
⎸;0;0;0;0;0
証;0;0;0;0;0
魂;0;0;0;0;0
血;0;0;0;0;0
۞;0;0;0;0;0
兄;0;0;0;0;0
宫;0;0;0;0;0
葦;0;0;0;0;0
芥;0;0;0;0;0
賞;0;0;0;0;0
麦;0;0;0;0;0
竜;0;0;0;0;0
革;0;0;0;0;0
漠;0;0;0;0;0
凱;0;0;0;0;0
婷;0;0;0;0;0
碁;0;0;0;0;0
粧;0;0;0;0;0
ং;0;0;0;0;0
稱;0;0;0;0;0
涌;0;0;0;0;0
卷;0;0;0;0;0
牡;0;0;0;0;0
坡;0;0;0;0;0
惜;0;0;0;0;0
ฑ;0;0;0;0;0
ど;0;0;0;0;0
追;0;0;0;0;0
Ծ;0;0;0;0;0
誕;0;0;0;0;0
矩;0;0;0;0;0
Ȥ;0;0;0;0;0
Ћ;0;0;0;0;0
於;0;0;0;0;0
Ꜥ;0;0;0;0;0
忍;0;0;0;0;0
獣;0;0;0;0;0
儚;0;0;0;0;0
曜;0;0;0;0;0
야;0;0;0;0;0
늘;0;0;0;0;0
널;0;0;0;0;0
ڍ;0;0;0;0;0
ڪ;0;0;0;0;0
申;0;0;0;0;0
̇;0;0;0;0;0
吾;0;0;0;0;0
鏡;0;0;0;0;0
納;0;0;0;0;0
설;0;0;0;0;0
頌;0;0;0;0;0
⌋;0;0;0;0;0
查;0;0;0;0;0
宾;0;0;0;0;0
赵;0;0;0;0;0
ె;0;0;0;0;0
逍;0;0;0;0;0
遥;0;0;0;0;0
琬;0;0;0;0;0
皮;0;0;0;0;0
许;0;0;0;0;0
ĉ;0;0;0;0;0
Ĉ;0;0;0;0;0
※;0;0;0;0;0
抗;0;0;0;0;0
尋;0;0;0;0;0
貫;0;0;0;0;0
姫;0;0;0;0;0
茎;0;0;0;0;0
晩;0;0;0;0;0
寒;0;0;0;0;0
凌;0;0;0;0;0
ẑ;0;0;0;0;0
寮;0;0;0;0;0
ྭ;0;0;0;0;0
ɢ;0;0;0;0;0
勉;0;0;0;0;0
직;0;0;0;0;0
죽;0;0;0;0;0
흥;0;0;0;0;0
虛;0;0;0;0;0
肥;0;0;0;0;0
徒;0;0;0;0;0
陝;0;0;0;0;0
駕;0;0;0;0;0
좋;0;0;0;0;0
새;0;0;0;0;0
깡;0;0;0;0;0
槃;0;0;0;0;0
紘;0;0;0;0;0
ヶ;0;0;0;0;0
具;0;0;0;0;0
ɤ;0;0;0;0;0
ዮ;0;0;0;0;0
ቲ;0;0;0;0;0
♁;0;0;0;0;0
것;0;0;0;0;0
暁;0;0;0;0;0
斎;0;0;0;0;0
談;0;0;0;0;0
鍋;0;0;0;0;0
樒;0;0;0;0;0
伦;0;0;0;0;0
毓;0;0;0;0;0
還;0;0;0;0;0
ຕ;0;0;0;0;0
准;0;0;0;0;0
ṙ;0;0;0;0;0
ֆ;0;0;0;0;0
ཨ;0;0;0;0;0
ཚ;0;0;0;0;0
誓;0;0;0;0;0
仰;0;0;0;0;0
ȁ;0;0;0;0;0
穎;0;0;0;0;0
息;0;0;0;0;0
添;0;0;0;0;0
略;0;0;0;0;0
橫;0;0;0;0;0
ሕ;0;0;0;0;0
엘;0;0;0;0;0
♡;0;0;0;0;0
ֲ;0;0;0;0;0
초;0;0;0;0;0
給;0;0;0;0;0
Ź;0;0;0;0;0
ਖ;0;0;0;0;0
ਥ;0;0;0;0;0
ਂ;0;0;0;0;0
ⴽ;0;0;0;0;0
₫;0;0;0;0;0
说;0;0;0;0;0
缘;0;0;0;0;0
梦;0;0;0;0;0
ঁ;0;0;0;0;0
ˮ;0;0;0;0;0
淳;0;0;0;0;0
著;0;0;0;0;0
伍;0;0;0;0;0
啟;0;0;0;0;0
堆;0;0;0;0;0
潮;0;0;0;0;0
廳;0;0;0;0;0
ူ;0;0;0;0;0
轄;0;0;0;0;0
鼻;0;0;0;0;0
ゑ;0;0;0;0;0
岛;0;0;0;0;0
雕;0;0;0;0;0
େ;0;0;0;0;0
ଉ;0;0;0;0;0
ബ;0;0;0;0;0
ූ;0;0;0;0;0
់;0;0;0;0;0
ծ;0;0;0;0;0
琊;0;0;0;0;0
璽;0;0;0;0;0
후;0;0;0;0;0
ֱ;0;0;0;0;0
ⲁ;0;0;0;0;0
兰;0;0;0;0;0
⁊;0;0;0;0;0
抓;0;0;0;0;0
돌;0;0;0;0;0
ጥ;0;0;0;0;0
砂;0;0;0;0;0
栗;0;0;0;0;0
ฆ;0;0;0;0;0
轮;0;0;0;0;0
允;0;0;0;0;0
齡;0;0;0;0;0
∫;0;0;0;0;0
↦;0;0;0;0;0
ච;0;0;0;0;0
畳;0;0;0;0;0
殺;0;0;0;0;0
잘;0;0;0;0;0
홍;0;0;0;0;0
허;0;0;0;0;0
戊;0;0;0;0;0
갑;0;0;0;0;0
銃;0;0;0;0;0
鼠;0;0;0;0;0
٨;0;0;0;0;0
署;0;0;0;0;0
辦;0;0;0;0;0
芝;0;0;0;0;0
亡;0;0;0;0;0
坟;0;0;0;0;0
哉;0;0;0;0;0
縄;0;0;0;0;0
束;0;0;0;0;0
ඉ;0;0;0;0;0
ỡ;0;0;0;0;0
○;0;0;0;0;0
眠;0;0;0;0;0
발;0;0;0;0;0
阮;0;0;0;0;0
ओ;0;0;0;0;0
窯;0;0;0;0;0
築;0;0;0;0;0
陣;0;0;0;0;0
ὅ;0;0;0;0;0
免;0;0;0;0;0
振;0;0;0;0;0
錯;0;0;0;0;0
帯;0;0;0;0;0
迹;0;0;0;0;0
刃;0;0;0;0;0
搞;0;0;0;0;0
快;0;0;0;0;0
ጸ;0;0;0;0;0
Ȳ;0;0;0;0;0
霊;0;0;0;0;0
＠;0;0;0;0;0
煙;0;0;0;0;0
ぎ;0;0;0;0;0
ぜ;0;0;0;0;0
客;0;0;0;0;0
懸;0;0;0;0;0
瓜;0;0;0;0;0
윤;0;0;0;0;0
희;0;0;0;0;0
眞;0;0;0;0;0
ܕ;0;0;0;0;0
ἕ;0;0;0;0;0
祈;0;0;0;0;0
描;0;0;0;0;0
独;0;0;0;0;0
垂;0;0;0;0;0
採;0;0;0;0;0
紋;0;0;0;0;0
ᛗ;0;0;0;0;0
ᚫ;0;0;0;0;0
ᚻ;0;0;0;0;0
ᛞ;0;0;0;0;0
ᚩ;0;0;0;0;0
ᛚ;0;0;0;0;0
鮑;0;0;0;0;0
欧;0;0;0;0;0
撒;0;0;0;0;0
嘗;0;0;0;0;0
ỷ;0;0;0;0;0
સ;0;0;0;0;0
ペ;0;0;0;0;0
↘;0;0;0;0;0
ી;0;0;0;0;0
હ;0;0;0;0;0
ȅ;0;0;0;0;0
郯;0;0;0;0;0
̊;0;0;0;0;0
Լ;0;0;0;0;0
彎;0;0;0;0;0
媽;0;0;0;0;0
獎;0;0;0;0;0
ភ;0;0;0;0;0
豬;0;0;0;0;0
藍;0;0;0;0;0
耳;0;0;0;0;0
均;0;0;0;0;0
脱;0;0;0;0;0
急;0;0;0;0;0
ᬵ;0;0;0;0;0
ᬲ;0;0;0;0;0
ᬓ;0;0;0;0;0
᭄;0;0;0;0;0
剑;0;0;0;0;0
ῑ;0;0;0;0;0
ῡ;0;0;0;0;0
検;0;0;0;0;0
断;0;0;0;0;0
逆;0;0;0;0;0
筋;0;0;0;0;0
无;0;0;0;0;0
麥;0;0;0;0;0
ജ;0;0;0;0;0
ഹ;0;0;0;0;0
ങ;0;0;0;0;0
节;0;0;0;0;0
术;0;0;0;0;0
ἔ;0;0;0;0;0
ಸ;0;0;0;0;0
鼎;0;0;0;0;0
換;0;0;0;0;0
♀;0;0;0;0;0
♂;0;0;0;0;0
ං;0;0;0;0;0
顺;0;0;0;0;0
锦;0;0;0;0;0
祉;0;0;0;0;0
吐;0;0;0;0;0
鹤;0;0;0;0;0
接;0;0;0;0;0
鲁;0;0;0;0;0
齐;0;0;0;0;0
窝;0;0;0;0;0
緝;0;0;0;0;0
⁶;0;0;0;0;0
约;0;0;0;0;0
奔;0;0;0;0;0
ੜ;0;0;0;0;0
ײ;0;0;0;0;0
檀;0;0;0;0;0
貝;0;0;0;0;0
冊;0;0;0;0;0
杭;0;0;0;0;0
腿;0;0;0;0;0
ሣ;0;0;0;0;0
厳;0;0;0;0;0
滝;0;0;0;0;0
凸;0;0;0;0;0
狗;0;0;0;0;0
Ή;0;0;0;0;0
썸;0;0;0;0;0
乖;0;0;0;0;0
晚;0;0;0;0;0
藩;0;0;0;0;0
ژ;0;0;0;0;0
爵;0;0;0;0;0
∖;0;0;0;0;0
열;0;0;0;0;0
품;0;0;0;0;0
위;0;0;0;0;0
Џ;0;0;0;0;0
џ;0;0;0;0;0
Ꭴ;0;0;0;0;0
Û;0;0;0;0;0
蛙;0;0;0;0;0
狩;0;0;0;0;0
濃;0;0;0;0;0
旧;0;0;0;0;0
射;0;0;0;0;0
帳;0;0;0;0;0
経;0;0;0;0;0
硯;0;0;0;0;0
満;0;0;0;0;0
억;0;0;0;0;0
蒂;0;0;0;0;0
甚;0;0;0;0;0
鼓;0;0;0;0;0
喝;0;0;0;0;0
ǟ;0;0;0;0;0
叢;0;0;0;0;0
発;0;0;0;0;0
料;0;0;0;0;0
溪;0;0;0;0;0
踏;0;0;0;0;0
査;0;0;0;0;0
囲;0;0;0;0;0
評;0;0;0;0;0
昂;0;0;0;0;0
Ἑ;0;0;0;0;0
투;0;0;0;0;0
展;0;0;0;0;0
嶺;0;0;0;0;0
Ý;0;0;0;0;0
ʱ;0;0;0;0;0
兼;0;0;0;0;0
표;0;0;0;0;0
網;0;0;0;0;0
封;0;0;0;0;0
哪;0;0;0;0;0
創;0;0;0;0;0
ሽ;0;0;0;0;0
龜;0;0;0;0;0
挠;0;0;0;0;0
爷;0;0;0;0;0
ΰ;0;0;0;0;0
循;0;0;0;0;0
ӄ;0;0;0;0;0
ḯ;0;0;0;0;0
Ă;0;0;0;0;0
ዓ;0;0;0;0;0
Ƚ;0;0;0;0;0
霸;0;0;0;0;0
姿;0;0;0;0;0
Ⓒ;0;0;0;0;0
菩;0;0;0;0;0
ۊ;0;0;0;0;0
份;0;0;0;0;0
ূ;0;0;0;0;0
停;0;0;0;0;0
紳;0;0;0;0;0
盏;0;0;0;0;0
焼;0;0;0;0;0
綠;0;0;0;0;0
ȧ;0;0;0;0;0
⌣;0;0;0;0;0
培;0;0;0;0;0
欣;0;0;0;0;0
运;0;0;0;0;0
动;0;0;0;0;0
竞;0;0;0;0;0
⍉;0;0;0;0;0
ᚉ;0;0;0;0;0
ᚑ;0;0;0;0;0
ᚔ;0;0;0;0;0
碧;0;0;0;0;0
跤;0;0;0;0;0
维;0;0;0;0;0
氣;0;0;0;0;0
芒;0;0;0;0;0
抱;0;0;0;0;0
暠;0;0;0;0;0
峻;0;0;0;0;0
綝;0;0;0;0;0
離;0;0;0;0;0
乾;0;0;0;0;0
曼;0;0;0;0;0
ෝ;0;0;0;0;0
ߋ;0;0;0;0;0
२;0;0;0;0;0
ߞ;0;0;0;0;0
ሀ;0;0;0;0;0
ፈ;0;0;0;0;0
構;0;0;0;0;0
圓;0;0;0;0;0
噏;0;0;0;0;0
姍;0;0;0;0;0
顏;0;0;0;0;0
Ṇ;0;0;0;0;0
່;0;0;0;0;0
濮;0;0;0;0;0
賣;0;0;0;0;0
鄣;0;0;0;0;0
־;0;0;0;0;0
ฉ;0;0;0;0;0
ⴼ;0;0;0;0;0
ⵙ;0;0;0;0;0
ೋ;0;0;0;0;0
ಟ;0;0;0;0;0
ᾰ;0;0;0;0;0
疆;0;0;0;0;0
喬;0;0;0;0;0
ˉ;0;0;0;0;0
ꆃ;0;0;0;0;0
ꁈ;0;0;0;0;0
幻;0;0;0;0;0
감;0;0;0;0;0
휴;0;0;0;0;0
습;0;0;0;0;0
敎;0;0;0;0;0
본;0;0;0;0;0
앙;0;0;0;0;0
Ꮪ;0;0;0;0;0
ഭ;0;0;0;0;0
Ƙ;0;0;0;0;0
霞;0;0;0;0;0
춘;0;0;0;0;0
타;0;0;0;0;0
产;0;0;0;0;0
ஞ;0;0;0;0;0
請;0;0;0;0;0
转;0;0;0;0;0
送;0;0;0;0;0
ഛ;0;0;0;0;0
ൈ;0;0;0;0;0
ည;0;0;0;0;0
閬;0;0;0;0;0
韭;0;0;0;0;0
蛋;0;0;0;0;0
更;0;0;0;0;0
Թ;0;0;0;0;0
嗯;0;0;0;0;0
哼;0;0;0;0;0
족;0;0;0;0;0
판;0;0;0;0;0
佾;0;0;0;0;0
干;0;0;0;0;0
먹;0;0;0;0;0
트;0;0;0;0;0
掖;0;0;0;0;0
郝;0;0;0;0;0
問;0;0;0;0;0
己;0;0;0;0;0
̧;0;0;0;0;0
게;0;0;0;0;0
ൃ;0;0;0;0;0
湛;0;0;0;0;0
岑;0;0;0;0;0
ܦ;0;0;0;0;0
փ;0;0;0;0;0
艷;0;0;0;0;0
瓊;0;0;0;0;0
些;0;0;0;0;0
ኣ;0;0;0;0;0
悼;0;0;0;0;0
珧;0;0;0;0;0
ဝ;0;0;0;0;0
髮;0;0;0;0;0
謐;0;0;0;0;0
彝;0;0;0;0;0
褒;0;0;0;0;0
징;0;0;0;0;0
嶠;0;0;0;0;0
燬;0;0;0;0;0
已;0;0;0;0;0
類;0;0;0;0;0
隻;0;0;0;0;0
壞;0;0;0;0;0
諭;0;0;0;0;0
씨;0;0;0;0;0
鸞;0;0;0;0;0
愍;0;0;0;0;0
崩;0;0;0;0;0
祜;0;0;0;0;0
寨;0;0;0;0;0
ὤ;0;0;0;0;0
Ǣ;0;0;0;0;0
ˋ;0;0;0;0;0
ሳ;0;0;0;0;0
섯;0;0;0;0;0
잡;0;0;0;0;0
联;0;0;0;0;0
赛;0;0;0;0;0
ѹ;0;0;0;0;0
質;0;0;0;0;0
蝴;0;0;0;0;0
ὔ;0;0;0;0;0
睿;0;0;0;0;0
钟;0;0;0;0;0
농;0;0;0;0;0
ଚ;0;0;0;0;0
ଖ;0;0;0;0;0
ଡ;0;0;0;0;0
ପ;0;0;0;0;0
ቃ;0;0;0;0;0
卯;0;0;0;0;0
糟;0;0;0;0;0
曆;0;0;0;0;0
柒;0;0;0;0;0
旂;0;0;0;0;0
悟;0;0;0;0;0
독;0;0;0;0;0
猪;0;0;0;0;0
瑋;0;0;0;0;0
罗;0;0;0;0;0
ཟ;0;0;0;0;0
ླ;0;0;0;0;0
ྡ;0;0;0;0;0
医;0;0;0;0;0
眾;0;0;0;0;0
覃;0;0;0;0;0
叶;0;0;0;0;0
扇;0;0;0;0;0
芭;0;0;0;0;0
차;0;0;0;0;0
底;0;0;0;0;0
厲;0;0;0;0;0
收;0;0;0;0;0
ሃ;0;0;0;0;0
ሻ;0;0;0;0;0
ʝ;0;0;0;0;0
臻;0;0;0;0;0
照;0;0;0;0;0
为;0;0;0;0;0
瑰;0;0;0;0;0
馗;0;0;0;0;0
璧;0;0;0;0;0
孺;0;0;0;0;0
恪;0;0;0;0;0
屠;0;0;0;0;0
Į;0;0;0;0;0
詞;0;0;0;0;0
競;0;0;0;0;0
엽;0;0;0;0;0
索;0;0;0;0;0
条;0;0;0;0;0
銳;0;0;0;0;0
璿;0;0;0;0;0
Ṯ;0;0;0;0;0
葷;0;0;0;0;0
날;0;0;0;0;0
雋;0;0;0;0;0
旭;0;0;0;0;0
宅;0;0;0;0;0
එ;0;0;0;0;0
ព;0;0;0;0;0
冥;0;0;0;0;0
茜;0;0;0;0;0
防;0;0;0;0;0
拜;0;0;0;0;0
郑;0;0;0;0;0
丷;0;0;0;0;0
⿸;0;0;0;0;0
埜;0;0;0;0;0
ડ;0;0;0;0;0
‼;0;0;0;0;0
題;0;0;0;0;0
农;0;0;0;0;0
ጃ;0;0;0;0;0
釈;0;0;0;0;0
儉;0;0;0;0;0
県;0;0;0;0;0
薩;0;0;0;0;0
隗;0;0;0;0;0
戴;0;0;0;0;0
含;0;0;0;0;0
ဲ;0;0;0;0;0
ូ;0;0;0;0;0
ែ;0;0;0;0;0
អ;0;0;0;0;0
׳;0;0;0;0;0
沒;0;0;0;0;0
Ъ;0;0;0;0;0
ٴ;0;0;0;0;0
Ԛ;0;0;0;0;0
ԛ;0;0;0;0;0
佳;0;0;0;0;0
Ѳ;0;0;0;0;0
ѳ;0;0;0;0;0
曷;0;0;0;0;0
薊;0;0;0;0;0
卬;0;0;0;0;0
廩;0;0;0;0;0
ܠ;0;0;0;0;0
찹;0;0;0;0;0
켜;0;0;0;0;0
₣;0;0;0;0;0
澹;0;0;0;0;0
恐;0;0;0;0;0
狼;0;0;0;0;0
⍵;0;0;0;0;0
혁;0;0;0;0;0
재;0;0;0;0;0
优;0;0;0;0;0
ᓴ;0;0;0;0;0
ᓪ;0;0;0;0;0
ᓕ;0;0;0;0;0
ۆ;0;0;0;0;0
├;0;0;0;0;0
┤;0;0;0;0;0
╬;0;0;0;0;0
読;0;0;0;0;0
༼;0;0;0;0;0
༽;0;0;0;0;0
۩;0;0;0;0;0
宰;0;0;0;0;0
际;0;0;0;0;0
壼;0;0;0;0;0
맞;0;0;0;0;0
린;0;0;0;0;0
충;0;0;0;0;0
Ѓ;0;0;0;0;0
跋;0;0;0;0;0
殉;0;0;0;0;0
環;0;0;0;0;0
ዲ;0;0;0;0;0
棘;0;0;0;0;0
ῐ;0;0;0;0;0
誅;0;0;0;0;0
勞;0;0;0;0;0
Ҡ;0;0;0;0;0
ҡ;0;0;0;0;0
Ҙ;0;0;0;0;0
ҙ;0;0;0;0;0
･;0;0;0;0;0
票;0;0;0;0;0
邾;0;0;0;0;0
寇;0;0;0;0;0
ഢ;0;0;0;0;0
昝;0;0;0;0;0
ϋ;0;0;0;0;0
达;0;0;0;0;0
絃;0;0;0;0;0
̬;0;0;0;0;0
ޯ;0;0;0;0;0
ʍ;0;0;0;0;0
∙;0;0;0;0;0
ሲ;0;0;0;0;0
弋;0;0;0;0;0
渝;0;0;0;0;0
琪;0;0;0;0;0
赫;0;0;0;0;0
谢;0;0;0;0;0
＝;0;0;0;0;0
Ꭰ;0;0;0;0;0
Ꭷ;0;0;0;0;0
Ꮇ;0;0;0;0;0
ƶ;0;0;0;0;0
Ᾱ;0;0;0;0;0
经;0;0;0;0;0
孰;0;0;0;0;0
厅;0;0;0;0;0
餐;0;0;0;0;0
姦;0;0;0;0;0
占;0;0;0;0;0
ժ;0;0;0;0;0
亦;0;0;0;0;0
ᑐ;0;0;0;0;0
ᣞ;0;0;0;0;0
ᑾ;0;0;0;0;0
陆;0;0;0;0;0
菁;0;0;0;0;0
ⴻ;0;0;0;0;0
Ḧ;0;0;0;0;0
ȷ;0;0;0;0;0
癸;0;0;0;0;0
락;0;0;0;0;0
ఘ;0;0;0;0;0
ఛ;0;0;0;0;0
హ;0;0;0;0;0
亜;0;0;0;0;0
称;0;0;0;0;0
ਠ;0;0;0;0;0
ฯ;0;0;0;0;0
Ꮳ;0;0;0;0;0
Ꮃ;0;0;0;0;0
Ᏸ;0;0;0;0;0
Ꮅ;0;0;0;0;0
술;0;0;0;0;0
剁;0;0;0;0;0
騶;0;0;0;0;0
⌀;0;0;0;0;0
讓;0;0;0;0;0
續;0;0;0;0;0
̑;0;0;0;0;0
眉;0;0;0;0;0
ɠ;0;0;0;0;0
Ʈ;0;0;0;0;0
Ʋ;0;0;0;0;0
Ɯ;0;0;0;0;0
廋;0;0;0;0;0
獄;0;0;0;0;0
ᑲ;0;0;0;0;0
ᐣ;0;0;0;0;0
庆;0;0;0;0;0
怀;0;0;0;0;0
٢;0;0;0;0;0
愔;0;0;0;0;0
鋪;0;0;0;0;0
팔;0;0;0;0;0
琚;0;0;0;0;0
ܬ;0;0;0;0;0
勁;0;0;0;0;0
ྫ;0;0;0;0;0
遮;0;0;0;0;0
ӓ;0;0;0;0;0
鰲;0;0;0;0;0
￥;0;0;0;0;0
招;0;0;0;0;0
雯;0;0;0;0;0
̰;0;0;0;0;0
ᐃ;0;0;0;0;0
佗;0;0;0;0;0
汗;0;0;0;0;0
♪;0;0;0;0;0
飼;0;0;0;0;0
沮;0;0;0;0;0
纂;0;0;0;0;0
履;0;0;0;0;0
潤;0;0;0;0;0
අ;0;0;0;0;0
භ;0;0;0;0;0
ඥ;0;0;0;0;0
ܛ;0;0;0;0;0
һ;0;0;0;0;0
蓋;0;0;0;0;0
卫;0;0;0;0;0
ᕈ;0;0;0;0;0
ᓗ;0;0;0;0;0
ᑰ;0;0;0;0;0
廬;0;0;0;0;0
鯨;0;0;0;0;0
户;0;0;0;0;0
☳;0;0;0;0;0
蜀;0;0;0;0;0
٩;0;0;0;0;0
ˑ;0;0;0;0;0
ŀ;0;0;0;0;0
忘;0;0;0;0;0
ܖ;0;0;0;0;0
러;0;0;0;0;0
髡;0;0;0;0;0
玨;0;0;0;0;0
錱;0;0;0;0;0
驛;0;0;0;0;0
菅;0;0;0;0;0
ິ;0;0;0;0;0
ຍ;0;0;0;0;0
ຈ;0;0;0;0;0
Ԝ;0;0;0;0;0
ԝ;0;0;0;0;0
Ҕ;0;0;0;0;0
ҕ;0;0;0;0;0
Ҥ;0;0;0;0;0
ҥ;0;0;0;0;0
Ӷ;0;0;0;0;0
Ӈ;0;0;0;0;0
諮;0;0;0;0;0
Ṅ;0;0;0;0;0
租;0;0;0;0;0
徙;0;0;0;0;0
荷;0;0;0;0;0
擋;0;0;0;0;0
赦;0;0;0;0;0
犯;0;0;0;0;0
楨;0;0;0;0;0
梓;0;0;0;0;0
Ẩ;0;0;0;0;0
靼;0;0;0;0;0
溵;0;0;0;0;0
报;0;0;0;0;0
알;0;0;0;0;0
苔;0;0;0;0;0
谊;0;0;0;0;0
库;0;0;0;0;0
喀;0;0;0;0;0
匽;0;0;0;0;0
ঈ;0;0;0;0;0
ȩ;0;0;0;0;0
瑱;0;0;0;0;0
湓;0;0;0;0;0
到;0;0;0;0;0
膻;0;0;0;0;0
ㅡ;0;0;0;0;0
寞;0;0;0;0;0
舊;0;0;0;0;0
墟;0;0;0;0;0
淺;0;0;0;0;0
賊;0;0;0;0;0
亥;0;0;0;0;0
亳;0;0;0;0;0
蕃;0;0;0;0;0
竇;0;0;0;0;0
錮;0;0;0;0;0
熲;0;0;0;0;0
瑀;0;0;0;0;0
萌;0;0;0;0;0
麵;0;0;0;0;0
Ḱ;0;0;0;0;0
ឡ;0;0;0;0;0
謣;0;0;0;0;0
滂;0;0;0;0;0
ぱ;0;0;0;0;0
弥;0;0;0;0;0
嵯;0;0;0;0;0
│;0;0;0;0;0
⎹;0;0;0;0;0
ؓ;0;0;0;0;0
ٸ;0;0;0;0;0
応;0;0;0;0;0
嵋;0;0;0;0;0
枯;0;0;0;0;0
激;0;0;0;0;0
獰;0;0;0;0;0
Ὁ;0;0;0;0;0
＋;0;0;0;0;0
➜;0;0;0;0;0
掘;0;0;0;0;0
爆;0;0;0;0;0
ګ;0;0;0;0;0
云;0;0;0;0;0
糞;0;0;0;0;0
尿;0;0;0;0;0
歩;0;0;0;0;0
哨;0;0;0;0;0
或;0;0;0;0;0
ᵐ;0;0;0;0;0
ោ;0;0;0;0;0
៍;0;0;0;0;0
Ϊ;0;0;0;0;0
銹;0;0;0;0;0
墻;0;0;0;0;0
嫺;0;0;0;0;0
ϸ;0;0;0;0;0
酆;0;0;0;0;0
悝;0;0;0;0;0
隐;0;0;0;0;0
購;0;0;0;0;0
尊;0;0;0;0;0
冒;0;0;0;0;0
險;0;0;0;0;0
矮;0;0;0;0;0
堕;0;0;0;0;0
ৈ;0;0;0;0;0
ঠ;0;0;0;0;0
磡;0;0;0;0;0
举;0;0;0;0;0
谈;0;0;0;0;0
剩;0;0;0;0;0
帆;0;0;0;0;0
Ň;0;0;0;0;0
丽;0;0;0;0;0
钏;0;0;0;0;0
阎;0;0;0;0;0
姣;0;0;0;0;0
踩;0;0;0;0;0
跷;0;0;0;0;0
蜘;0;0;0;0;0
蛛;0;0;0;0;0
盘;0;0;0;0;0
丝;0;0;0;0;0
零;0;0;0;0;0
聊;0;0;0;0;0
ヘ;0;0;0;0;0
탉;0;0;0;0;0
鋼;0;0;0;0;0
錬;0;0;0;0;0
Ռ;0;0;0;0;0
Ր;0;0;0;0;0
Ů;0;0;0;0;0
馳;0;0;0;0;0
峕;0;0;0;0;0
粲;0;0;0;0;0
慰;0;0;0;0;0
彬;0;0;0;0;0
屑;0;0;0;0;0
ጓ;0;0;0;0;0
杞;0;0;0;0;0
蔚;0;0;0;0;0
ȥ;0;0;0;0;0
ἁ;0;0;0;0;0
釜;0;0;0;0;0
螣;0;0;0;0;0
댐;0;0;0;0;0
Ꮚ;0;0;0;0;0
綾;0;0;0;0;0
Ꜣ;0;0;0;0;0
ჟ;0;0;0;0;0
​;0;0;0;0;0
浸;0;0;0;0;0
透;0;0;0;0;0
拡;0;0;0;0;0
撮;0;0;0;0;0
側;0;0;0;0;0
헤;0;0;0;0;0
졌;0;0;0;0;0
함;0;0;0;0;0
께;0;0;0;0;0
ٿ;0;0;0;0;0
ͮ;0;0;0;0;0
⃛;0;0;0;0;0
〫;0;0;0;0;0
寵;0;0;0;0;0
驃;0;0;0;0;0
苗;0;0;0;0;0
床;0;0;0;0;0
覇;0;0;0;0;0
珍;0;0;0;0;0
濤;0;0;0;0;0
媛;0;0;0;0;0
嫻;0;0;0;0;0
记;0;0;0;0;0
载;0;0;0;0;0
吸;0;0;0;0;0
歼;0;0;0;0;0
瓚;0;0;0;0;0
棗;0;0;0;0;0
祇;0;0;0;0;0
鄄;0;0;0;0;0
冑;0;0;0;0;0
焦;0;0;0;0;0
觸;0;0;0;0;0
巍;0;0;0;0;0
巨;0;0;0;0;0
乳;0;0;0;0;0
竾;0;0;0;0;0
ࠁ;0;0;0;0;0
ࠪ;0;0;0;0;0
ࠍ;0;0;0;0;0
࠙;0;0;0;0;0
ࠣ;0;0;0;0;0
ࠄ;0;0;0;0;0
蹇;0;0;0;0;0
汤;0;0;0;0;0
繼;0;0;0;0;0
疑;0;0;0;0;0
惑;0;0;0;0;0
ฺ;0;0;0;0;0
Ἅ;0;0;0;0;0
ᘅ;0;0;0;0;0
ᐪ;0;0;0;0;0
ᙠ;0;0;0;0;0
ᗶ;0;0;0;0;0
ᑋ;0;0;0;0;0
Ἔ;0;0;0;0;0
록;0;0;0;0;0
붕;0;0;0;0;0
많;0;0;0;0;0
드;0;0;0;0;0
머;0;0;0;0;0
믿;0;0;0;0;0
막;0;0;0;0;0
韪;0;0;0;0;0
婁;0;0;0;0;0
闔;0;0;0;0;0
阴;0;0;0;0;0
蜜;0;0;0;0;0
邠;0;0;0;0;0
涇;0;0;0;0;0
繭;0;0;0;0;0
穀;0;0;0;0;0
얼;0;0;0;0;0
까;0;0;0;0;0
짜;0;0;0;0;0
맛;0;0;0;0;0
짬;0;0;0;0;0
뽕;0;0;0;0;0
링;0;0;0;0;0
ൾ;0;0;0;0;0
伋;0;0;0;0;0
鯉;0;0;0;0;0
緇;0;0;0;0;0
晫;0;0;0;0;0
员;0;0;0;0;0
棒;0;0;0;0;0
雁;0;0;0;0;0
折;0;0;0;0;0
҂;0;0;0;0;0
ѕ;0;0;0;0;0
ዎ;0;0;0;0;0
쩐;0;0;0;0;0
같;0;0;0;0;0
녁;0;0;0;0;0
猴;0;0;0;0;0
虚;0;0;0;0;0
凯;0;0;0;0;0
駒;0;0;0;0;0
諺;0;0;0;0;0
淚;0;0;0;0;0
闯;0;0;0;0;0
悲;0;0;0;0;0
逢;0;0;0;0;0
胥;0;0;0;0;0
吧;0;0;0;0;0
ຸ;0;0;0;0;0
ຽ;0;0;0;0;0
ພ;0;0;0;0;0
້;0;0;0;0;0
备;0;0;0;0;0
ཊ;0;0;0;0;0
謹;0;0;0;0;0
責;0;0;0;0;0
赖;0;0;0;0;0
涵;0;0;0;0;0
巽;0;0;0;0;0
聽;0;0;0;0;0
怛;0;0;0;0;0
謀;0;0;0;0;0
̕;0;0;0;0;0
ጨ;0;0;0;0;0
絡;0;0;0;0;0
케;0;0;0;0;0
올;0;0;0;0;0
开;0;0;0;0;0
ჰ;0;0;0;0;0
능;0;0;0;0;0
配;0;0;0;0;0
撃;0;0;0;0;0
ॉ;0;0;0;0;0
昼;0;0;0;0;0
ⵀ;0;0;0;0;0
ⵊ;0;0;0;0;0
谱;0;0;0;0;0
啼;0;0;0;0;0
鄠;0;0;0;0;0
ڀ;0;0;0;0;0
ĵ;0;0;0;0;0
賓;0;0;0;0;0
婚;0;0;0;0;0
纱;0;0;0;0;0
摄;0;0;0;0;0
Յ;0;0;0;0;0
綏;0;0;0;0;0
Ϣ;0;0;0;0;0
ⲓ;0;0;0;0;0
ϩ;0;0;0;0;0
ⲏ;0;0;0;0;0
ⲧ;0;0;0;0;0
싸;0;0;0;0;0
언;0;0;0;0;0
블;0;0;0;0;0
ﺛ;0;0;0;0;0
ﺎ;0;0;0;0;0
ﺑ;0;0;0;0;0
ﺖ;0;0;0;0;0
塵;0;0;0;0;0
ぢ;0;0;0;0;0
答;0;0;0;0;0
敏;0;0;0;0;0
ៃ;0;0;0;0;0
叉;0;0;0;0;0
翅;0;0;0;0;0
鵬;0;0;0;0;0
剎;0;0;0;0;0
鳢;0;0;0;0;0
ဖ;0;0;0;0;0
Ӧ;0;0;0;0;0
Ճ;0;0;0;0;0
Զ;0;0;0;0;0
ձ;0;0;0;0;0
瑯;0;0;0;0;0
쿨;0;0;0;0;0
两;0;0;0;0;0
弹;0;0;0;0;0
勋;0;0;0;0;0
舍;0;0;0;0;0
瞬;0;0;0;0;0
ֽ;0;0;0;0;0
ⲙ;0;0;0;0;0
ⲛ;0;0;0;0;0
ⲗ;0;0;0;0;0
ⲩ;0;0;0;0;0
籠;0;0;0;0;0
礁;0;0;0;0;0
笨;0;0;0;0;0
閩;0;0;0;0;0
墅;0;0;0;0;0
蒜;0;0;0;0;0
濱;0;0;0;0;0
柃;0;0;0;0;0
猫;0;0;0;0;0
깃;0;0;0;0;0
ኘ;0;0;0;0;0
ৎ;0;0;0;0;0
ফ;0;0;0;0;0
ঙ;0;0;0;0;0
鹽;0;0;0;0;0
茸;0;0;0;0;0
楝;0;0;0;0;0
兎;0;0;0;0;0
캐;0;0;0;0;0
역;0;0;0;0;0
옹;0;0;0;0;0
稚;0;0;0;0;0
ஷ;0;0;0;0;0
ယ;0;0;0;0;0
粹;0;0;0;0;0
琮;0;0;0;0;0
摺;0;0;0;0;0
旋;0;0;0;0;0
椎;0;0;0;0;0
;0;0;0;0;0
ᛒ;0;0;0;0;0
ᚴ;0;0;0;0;0
ᛦ;0;0;0;0;0
閉;0;0;0;0;0
너;0;0;0;0;0
팻;0;0;0;0;0
Ὀ;0;0;0;0;0
ἷ;0;0;0;0;0
柏;0;0;0;0;0
ښ;0;0;0;0;0
繪;0;0;0;0;0
雀;0;0;0;0;0
抽;0;0;0;0;0
站;0;0;0;0;0
磚;0;0;0;0;0
贤;0;0;0;0;0
װ;0;0;0;0;0
֫;0;0;0;0;0
阵;0;0;0;0;0
滩;0;0;0;0;0
＆;0;0;0;0;0
礼;0;0;0;0;0
｢;0;0;0;0;0
｣;0;0;0;0;0
ඳ;0;0;0;0;0
ಒ;0;0;0;0;0
芋;0;0;0;0;0
懂;0;0;0;0;0
態;0;0;0;0;0
锹;0;0;0;0;0
橇;0;0;0;0;0
軽;0;0;0;0;0
催;0;0;0;0;0
穴;0;0;0;0;0
ਇ;0;0;0;0;0
澨;0;0;0;0;0
隠;0;0;0;0;0
遍;0;0;0;0;0
ᾷ;0;0;0;0;0
ಎ;0;0;0;0;0
唵;0;0;0;0;0
腕;0;0;0;0;0
袴;0;0;0;0;0
拭;0;0;0;0;0
鉢;0;0;0;0;0
薙;0;0;0;0;0
挽;0;0;0;0;0
冇;0;0;0;0;0
ሠ;0;0;0;0;0
ጰ;0;0;0;0;0
ፐ;0;0;0;0;0
ተ;0;0;0;0;0
傘;0;0;0;0;0
˘;0;0;0;0;0
⌠;0;0;0;0;0
⌡;0;0;0;0;0
琅;0;0;0;0;0
ὼ;0;0;0;0;0
磻;0;0;0;0;0
絆;0;0;0;0;0
状;0;0;0;0;0
跆;0;0;0;0;0
們;0;0;0;0;0
碻;0;0;0;0;0
磝;0;0;0;0;0
瓠;0;0;0;0;0
項;0;0;0;0;0
盱;0;0;0;0;0
眙;0;0;0;0;0
ܚ;0;0;0;0;0
ܫ;0;0;0;0;0
ጁ;0;0;0;0;0
鵄;0;0;0;0;0
鷲;0;0;0;0;0
瀟;0;0;0;0;0
洒;0;0;0;0;0
装;0;0;0;0;0
辺;0;0;0;0;0
᛭;0;0;0;0;0
ᚾ;0;0;0;0;0
启;0;0;0;0;0
ǹ;0;0;0;0;0
了;0;0;0;0;0
愿;0;0;0;0;0
譲;0;0;0;0;0
帥;0;0;0;0;0
撫;0;0;0;0;0
臥;0;0;0;0;0
薪;0;0;0;0;0
胆;0;0;0;0;0
જ;0;0;0;0;0
ન;0;0;0;0;0
ણ;0;0;0;0;0
閑;0;0;0;0;0
견;0;0;0;0;0
ৃ;0;0;0;0;0
陪;0;0;0;0;0
卖;0;0;0;0;0
淫;0;0;0;0;0
嫖;0;0;0;0;0
娼;0;0;0;0;0
莎;0;0;0;0;0
巹;0;0;0;0;0
隔;0;0;0;0;0
ક;0;0;0;0;0
ષ;0;0;0;0;0
ે;0;0;0;0;0
嬢;0;0;0;0;0
昱;0;0;0;0;0
秣;0;0;0;0;0
硏;0;0;0;0;0
隣;0;0;0;0;0
奮;0;0;0;0;0
鬥;0;0;0;0;0
骆;0;0;0;0;0
驼;0;0;0;0;0
话;0;0;0;0;0
弯;0;0;0;0;0
針;0;0;0;0;0
敵;0;0;0;0;0
求;0;0;0;0;0
琉;0;0;0;0;0
膝;0;0;0;0;0
厀;0;0;0;0;0
嫣;0;0;0;0;0
粋;0;0;0;0;0
菲;0;0;0;0;0
廷;0;0;0;0;0
ᬪ;0;0;0;0;0
ᬱ;0;0;0;0;0
巡;0;0;0;0;0
導;0;0;0;0;0
単;0;0;0;0;0
藁;0;0;0;0;0
茣;0;0;0;0;0
蓙;0;0;0;0;0
⭒;0;0;0;0;0
菽;0;0;0;0;0
黍;0;0;0;0;0
稷;0;0;0;0;0
虫;0;0;0;0;0
霧;0;0;0;0;0
ຜ;0;0;0;0;0
ີ;0;0;0;0;0
ຫ;0;0;0;0;0
ື;0;0;0;0;0
ᾳ;0;0;0;0;0
ὖ;0;0;0;0;0
據;0;0;0;0;0
嘏;0;0;0;0;0
滨;0;0;0;0;0
ସ;0;0;0;0;0
ಷ;0;0;0;0;0
═;0;0;0;0;0
闢;0;0;0;0;0
摂;0;0;0;0;0
멜;0;0;0;0;0
른;0;0;0;0;0
¤;0;0;0;0;0
‾;0;0;0;0;0
杂;0;0;0;0;0
货;0;0;0;0;0
淞;0;0;0;0;0
Ѣ;0;0;0;0;0
移;0;0;0;0;0
ᵹ;0;0;0;0;0
Ᵹ;0;0;0;0;0
俄;0;0;0;0;0
郴;0;0;0;0;0
ƣ;0;0;0;0;0
湿;0;0;0;0;0
ٗ;0;0;0;0;0
儼;0;0;0;0;0
既;0;0;0;0;0
夔;0;0;0;0;0
鍮;0;0;0;0;0
冶;0;0;0;0;0
莱;0;0;0;0;0
Չ;0;0;0;0;0
ሞ;0;0;0;0;0
≫;0;0;0;0;0
札;0;0;0;0;0
舩;0;0;0;0;0
殊;0;0;0;0;0
盐;0;0;0;0;0
ฤ;0;0;0;0;0
埠;0;0;0;0;0
廖;0;0;0;0;0
ও;0;0;0;0;0
借;0;0;0;0;0
鎭;0;0;0;0;0
馫;0;0;0;0;0
诃;0;0;0;0;0
藿;0;0;0;0;0
匙;0;0;0;0;0
鬆;0;0;0;0;0
茴;0;0;0;0;0
奢;0;0;0;0;0
待;0;0;0;0;0
筯;0;0;0;0;0
彙;0;0;0;0;0
胭;0;0;0;0;0
脂;0;0;0;0;0
ჳ;0;0;0;0;0
Ű;0;0;0;0;0
操;0;0;0;0;0
Ị;0;0;0;0;0
沼;0;0;0;0;0
偁;0;0;0;0;0
濂;0;0;0;0;0
預;0;0;0;0;0
輸;0;0;0;0;0
桜;0;0;0;0;0
霖;0;0;0;0;0
禔;0;0;0;0;0
挙;0;0;0;0;0
⊙;0;0;0;0;0
棄;0;0;0;0;0
义;0;0;0;0;0
왜;0;0;0;0;0
Ǔ;0;0;0;0;0
甌;0;0;0;0;0
牌;0;0;0;0;0
往;0;0;0;0;0
혐;0;0;0;0;0
嫌;0;0;0;0;0
렁;0;0;0;0;0
燒;0;0;0;0;0
咲;0;0;0;0;0
酱;0;0;0;0;0
馅;0;0;0;0;0
饼;0;0;0;0;0
▷;0;0;0;0;0
⇐;0;0;0;0;0
Ꮄ;0;0;0;0;0
Ꮨ;0;0;0;0;0
瘤;0;0;0;0;0
観;0;0;0;0;0
篠;0;0;0;0;0
貉;0;0;0;0;0
坑;0;0;0;0;0
勅;0;0;0;0;0
領;0;0;0;0;0
兜;0;0;0;0;0
拝;0;0;0;0;0
矣;0;0;0;0;0
슴;0;0;0;0;0
쁜;0;0;0;0;0
걸;0;0;0;0;0
줌;0;0;0;0;0
메;0;0;0;0;0
므;0;0;0;0;0
곰;0;0;0;0;0
ぁ;0;0;0;0;0
優;0;0;0;0;0
貸;0;0;0;0;0
媯;0;0;0;0;0
ʎ;0;0;0;0;0
페;0;0;0;0;0
℣;0;0;0;0;0
℟;0;0;0;0;0
ঘ;0;0;0;0;0
烙;0;0;0;0;0
麼;0;0;0;0;0
搏;0;0;0;0;0
⨯;0;0;0;0;0
餛;0;0;0;0;0
飩;0;0;0;0;0
馄;0;0;0;0;0
饨;0;0;0;0;0
撈;0;0;0;0;0
拌;0;0;0;0;0
Ŗ;0;0;0;0;0
鸭;0;0;0;0;0
哒;0;0;0;0;0
͘;0;0;0;0;0
笛;0;0;0;0;0
穂;0;0;0;0;0
専;0;0;0;0;0
降;0;0;0;0;0
頃;0;0;0;0;0
役;0;0;0;0;0
樺;0;0;0;0;0
攻;0;0;0;0;0
ざ;0;0;0;0;0
樵;0;0;0;0;0
輕;0;0;0;0;0
먼;0;0;0;0;0
擺;0;0;0;0;0
伕;0;0;0;0;0
猥;0;0;0;0;0
褻;0;0;0;0;0
ᾧ;0;0;0;0;0
ઉ;0;0;0;0;0
પ;0;0;0;0;0
ધ;0;0;0;0;0
蒿;0;0;0;0;0
探;0;0;0;0;0
۠;0;0;0;0;0
₧;0;0;0;0;0
ዑ;0;0;0;0;0
␚;0;0;0;0;0
ඟ;0;0;0;0;0
耒;0;0;0;0;0
ὦ;0;0;0;0;0
란;0;0;0;0;0
근;0;0;0;0;0
ஹ;0;0;0;0;0
頤;0;0;0;0;0
結;0;0;0;0;0
ዋ;0;0;0;0;0
ሚ;0;0;0;0;0
ፌ;0;0;0;0;0
苓;0;0;0;0;0
应;0;0;0;0;0
᾿;0;0;0;0;0
払;0;0;0;0;0
轍;0;0;0;0;0
暦;0;0;0;0;0
勢;0;0;0;0;0
脩;0;0;0;0;0
Ố;0;0;0;0;0
퇴;0;0;0;0;0
槌;0;0;0;0;0
ሹ;0;0;0;0;0
₰;0;0;0;0;0
聘;0;0;0;0;0
厂;0;0;0;0;0
娣;0;0;0;0;0
綺;0;0;0;0;0
葆;0;0;0;0;0
纯;0;0;0;0;0
ⓚ;0;0;0;0;0
ৌ;0;0;0;0;0
確;0;0;0;0;0
Ｒ;0;0;0;0;0
２;0;0;0;0;0
Ｕ;0;0;0;0;0
Ｖ;0;0;0;0;0
裔;0;0;0;0;0
互;0;0;0;0;0
萨;0;0;0;0;0
坛;0;0;0;0;0
险;0;0;0;0;0
ণ;0;0;0;0;0
Ｔ;0;0;0;0;0
Ｉ;0;0;0;0;0
윗;0;0;0;0;0
卍;0;0;0;0;0
Ὑ;0;0;0;0;0
澗;0;0;0;0;0
廠;0;0;0;0;0
珓;0;0;0;0;0
⎯;0;0;0;0;0
穌;0;0;0;0;0
樟;0;0;0;0;0
詹;0;0;0;0;0
薔;0;0;0;0;0
隅;0;0;0;0;0
惣;0;0;0;0;0
桶;0;0;0;0;0
陶;0;0;0;0;0
₪;0;0;0;0;0
준;0;0;0;0;0
秭;0;0;0;0;0
归;0;0;0;0;0
ᚊ;0;0;0;0;0
狐;0;0;0;0;0
衫;0;0;0;0;0
ǜ;0;0;0;0;0
窩;0;0;0;0;0
⌵;0;0;0;0;0
ꜥ;0;0;0;0;0
皓;0;0;0;0;0
挑;0;0;0;0;0
寅;0;0;0;0;0
炯;0;0;0;0;0
翬;0;0;0;0;0
戈;0;0;0;0;0
奠;0;0;0;0;0
⍨;0;0;0;0;0
⊖;0;0;0;0;0
⌿;0;0;0;0;0
∊;0;0;0;0;0
樑;0;0;0;0;0
ﺓ;0;0;0;0;0
ﺔ;0;0;0;0;0
ᚙ;0;0;0;0;0
ᚕ;0;0;0;0;0
ᚚ;0;0;0;0;0
ਲ;0;0;0;0;0
ਅ;0;0;0;0;0
撲;0;0;0;0;0
营;0;0;0;0;0
獵;0;0;0;0;0
獮;0;0;0;0;0
飞;0;0;0;0;0
耿;0;0;0;0;0
琦;0;0;0;0;0
坤;0;0;0;0;0
蒋;0;0;0;0;0
ᛡ;0;0;0;0;0
ᚼ;0;0;0;0;0
ᚆ;0;0;0;0;0
輯;0;0;0;0;0
擁;0;0;0;0;0
畿;0;0;0;0;0
办;0;0;0;0;0
ⵡ;0;0;0;0;0
裡;0;0;0;0;0
跳;0;0;0;0;0
巢;0;0;0;0;0
胎;0;0;0;0;0
换;0;0;0;0;0
随;0;0;0;0;0
瑪;0;0;0;0;0
凤;0;0;0;0;0
ӕ;0;0;0;0;0
嵌;0;0;0;0;0
涙;0;0;0;0;0
ߓ;0;0;0;0;0
ߟ;0;0;0;0;0
ߝ;0;0;0;0;0
ߏ;0;0;0;0;0
ߌ;0;0;0;0;0
ߦ;0;0;0;0;0
ߎ;0;0;0;0;0
߬;0;0;0;0;0
ߛ;0;0;0;0;0
鞭;0;0;0;0;0
ሓ;0;0;0;0;0
ኲ;0;0;0;0;0
ゐ;0;0;0;0;0
ゔ;0;0;0;0;0
ぅ;0;0;0;0;0
燃;0;0;0;0;0
粥;0;0;0;0;0
ഠ;0;0;0;0;0
癲;0;0;0;0;0
叱;0;0;0;0;0
吒;0;0;0;0;0
啦;0;0;0;0;0
羚;0;0;0;0;0
糜;0;0;0;0;0
処;0;0;0;0;0
坚;0;0;0;0;0
卢;0;0;0;0;0
ທ;0;0;0;0;0
ແ;0;0;0;0;0
ຂ;0;0;0;0;0
Ą;0;0;0;0;0
ׇ;0;0;0;0;0
֥;0;0;0;0;0
֖;0;0;0;0;0
Ḷ;0;0;0;0;0
ߣ;0;0;0;0;0
瑛;0;0;0;0;0
副;0;0;0;0;0
懲;0;0;0;0;0
勸;0;0;0;0;0
祠;0;0;0;0;0
紡;0;0;0;0;0
ᚅ;0;0;0;0;0
ˏ;0;0;0;0;0
ˍ;0;0;0;0;0
⌘;0;0;0;0;0
ꊉ;0;0;0;0;0
ꇑ;0;0;0;0;0
ꆑ;0;0;0;0;0
ꌠ;0;0;0;0;0
ꑼ;0;0;0;0;0
ꂰ;0;0;0;0;0
ꉼ;0;0;0;0;0
ꉸ;0;0;0;0;0
ꉳ;0;0;0;0;0
ꊨ;0;0;0;0;0
ꏦ;0;0;0;0;0
ꍓ;0;0;0;0;0
貧;0;0;0;0;0
覡;0;0;0;0;0
課;0;0;0;0;0
숭;0;0;0;0;0
첩;0;0;0;0;0
牒;0;0;0;0;0
접;0;0;0;0;0
찰;0;0;0;0;0
Ᏹ;0;0;0;0;0
ഘ;0;0;0;0;0
ƙ;0;0;0;0;0
敗;0;0;0;0;0
败;0;0;0;0;0
클;0;0;0;0;0
럽;0;0;0;0;0
④;0;0;0;0;0
몽;0;0;0;0;0
변;0;0;0;0;0
滕;0;0;0;0;0
衞;0;0;0;0;0
宁;0;0;0;0;0
导;0;0;0;0;0
创;0;0;0;0;0
ᚃ;0;0;0;0;0
ᚄ;0;0;0;0;0
ᚇ;0;0;0;0;0
ᚏ;0;0;0;0;0
ᚈ;0;0;0;0;0
ᚌ;0;0;0;0;0
ᚒ;0;0;0;0;0
ᚐ;0;0;0;0;0
ᚓ;0;0;0;0;0
ᚎ;0;0;0;0;0
ᚍ;0;0;0;0;0
僕;0;0;0;0;0
厘;0;0;0;0;0
豊;0;0;0;0;0
玠;0;0;0;0;0
掃;0;0;0;0;0
嬉;0;0;0;0;0
覧;0;0;0;0;0
എ;0;0;0;0;0
ഡ;0;0;0;0;0
蜥;0;0;0;0;0
ួ;0;0;0;0;0
ៀ;0;0;0;0;0
ະ;0;0;0;0;0
ປ;0;0;0;0;0
ኔ;0;0;0;0;0
ሬ;0;0;0;0;0
祁;0;0;0;0;0
遂;0;0;0;0;0
沓;0;0;0;0;0
祚;0;0;0;0;0
簿;0;0;0;0;0
偏;0;0;0;0;0
衆;0;0;0;0;0
ళ;0;0;0;0;0
迫;0;0;0;0;0
Տ;0;0;0;0;0
滋;0;0;0;0;0
偲;0;0;0;0;0
湳;0;0;0;0;0
呣;0;0;0;0;0
噷;0;0;0;0;0
儿;0;0;0;0;0
错;0;0;0;0;0
蕨;0;0;0;0;0
망;0;0;0;0;0
묘;0;0;0;0;0
쓰;0;0;0;0;0
磬;0;0;0;0;0
韶;0;0;0;0;0
暘;0;0;0;0;0
悬;0;0;0;0;0
籥;0;0;0;0;0
戚;0;0;0;0;0
ƿ;0;0;0;0;0
코;0;0;0;0;0
션;0;0;0;0;0
르;0;0;0;0;0
雜;0;0;0;0;0
詳;0;0;0;0;0
ἥ;0;0;0;0;0
蝋;0;0;0;0;0
奶;0;0;0;0;0
￤;0;0;0;0;0
ꞏ;0;0;0;0;0
ฎ;0;0;0;0;0
軟;0;0;0;0;0
像;0;0;0;0;0
傷;0;0;0;0;0
妤;0;0;0;0;0
Կ;0;0;0;0;0
数;0;0;0;0;0
排;0;0;0;0;0
⟶;0;0;0;0;0
Ȝ;0;0;0;0;0
ɥ;0;0;0;0;0
겠;0;0;0;0;0
멘;0;0;0;0;0
ⵗ;0;0;0;0;0
♙;0;0;0;0;0
ܗ;0;0;0;0;0
职;0;0;0;0;0
ܵ;0;0;0;0;0
ܟ;0;0;0;0;0
ܼ;0;0;0;0;0
ܹ;0;0;0;0;0
茝;0;0;0;0;0
ฒ;0;0;0;0;0
這;0;0;0;0;0
緡;0;0;0;0;0
ዚ;0;0;0;0;0
ሄ;0;0;0;0;0
彗;0;0;0;0;0
芷;0;0;0;0;0
≢;0;0;0;0;0
⊻;0;0;0;0;0
愷;0;0;0;0;0
禿;0;0;0;0;0
婉;0;0;0;0;0
꽹;0;0;0;0;0
류;0;0;0;0;0
따;0;0;0;0;0
덩;0;0;0;0;0
录;0;0;0;0;0
討;0;0;0;0;0
境;0;0;0;0;0
屢;0;0;0;0;0
檢;0;0;0;0;0
且;0;0;0;0;0
此;0;0;0;0;0
遞;0;0;0;0;0
毋;0;0;0;0;0
梨;0;0;0;0;0
峙;0;0;0;0;0
격;0;0;0;0;0
뢰;0;0;0;0;0
擊;0;0;0;0;0
ᶯ;0;0;0;0;0
Ģ;0;0;0;0;0
莲;0;0;0;0;0
惟;0;0;0;0;0
玛;0;0;0;0;0
吏;0;0;0;0;0
肩;0;0;0;0;0
粿;0;0;0;0;0
ḹ;0;0;0;0;0
抑;0;0;0;0;0
込;0;0;0;0;0
ᴾ;0;0;0;0;0
萝;0;0;0;0;0
绵;0;0;0;0;0
虒;0;0;0;0;0
較;0;0;0;0;0
ἠ;0;0;0;0;0
个;0;0;0;0;0
⁸;0;0;0;0;0
₈;0;0;0;0;0
ᵑ;0;0;0;0;0
더;0;0;0;0;0
ㄍ;0;0;0;0;0
ㄨ;0;0;0;0;0
ㄛ;0;0;0;0;0
ˊ;0;0;0;0;0
ㄩ;0;0;0;0;0
ㄖ;0;0;0;0;0
ㄅ;0;0;0;0;0
ㄠ;0;0;0;0;0
嶽;0;0;0;0;0
窟;0;0;0;0;0
捨;0;0;0;0;0
落;0;0;0;0;0
ỵ;0;0;0;0;0
ᚘ;0;0;0;0;0
ဏ;0;0;0;0;0
聚;0;0;0;0;0
醫;0;0;0;0;0
약;0;0;0;0;0
형;0;0;0;0;0
액;0;0;0;0;0
液;0;0;0;0;0
침;0;0;0;0;0
鍼;0;0;0;0;0
灸;0;0;0;0;0
琼;0;0;0;0;0
啡;0;0;0;0;0
泊;0;0;0;0;0
镜;0;0;0;0;0
＃;0;0;0;0;0
衹;0;0;0;0;0
难;0;0;0;0;0
嚼;0;0;0;0;0
樸;0;0;0;0;0
辭;0;0;0;0;0
翻;0;0;0;0;0
似;0;0;0;0;0
ȋ;0;0;0;0;0
ȃ;0;0;0;0;0
ۄ;0;0;0;0;0
ٚ;0;0;0;0;0
ٕ;0;0;0;0;0
ٖ;0;0;0;0;0
ڼ;0;0;0;0;0
Ŏ;0;0;0;0;0
ଙ;0;0;0;0;0
୍;0;0;0;0;0
ଗ;0;0;0;0;0
଼;0;0;0;0;0
ତ;0;0;0;0;0
ଂ;0;0;0;0;0
訴;0;0;0;0;0
嘘;0;0;0;0;0
ϙ;0;0;0;0;0
煮;0;0;0;0;0
ಊ;0;0;0;0;0
ೀ;0;0;0;0;0
ణ;0;0;0;0;0
ఎ;0;0;0;0;0
攷;0;0;0;0;0
爲;0;0;0;0;0
鉤;0;0;0;0;0
塡;0;0;0;0;0
貢;0;0;0;0;0
？;0;0;0;0;0
ṍ;0;0;0;0;0
‿;0;0;0;0;0
昇;0;0;0;0;0
浣;0;0;0;0;0
勗;0;0;0;0;0
蜻;0;0;0;0;0
蛉;0;0;0;0;0
ቂ;0;0;0;0;0
彥;0;0;0;0;0
隱;0;0;0;0;0
贡;0;0;0;0;0
锐;0;0;0;0;0
ཱ;0;0;0;0;0
ྔ;0;0;0;0;0
ྨ;0;0;0;0;0
ྩ;0;0;0;0;0
晟;0;0;0;0;0
儈;0;0;0;0;0
巂;0;0;0;0;0
萱;0;0;0;0;0
辯;0;0;0;0;0
遹;0;0;0;0;0
瑾;0;0;0;0;0
耽;0;0;0;0;0
琇;0;0;0;0;0
暾;0;0;0;0;0
襲;0;0;0;0;0
闡;0;0;0;0;0
棕;0;0;0;0;0
櫚;0;0;0;0;0
ǘ;0;0;0;0;0
瑚;0;0;0;0;0
빈;0;0;0;0;0
遗;0;0;0;0;0
冏;0;0;0;0;0
閔;0;0;0;0;0
歆;0;0;0;0;0
遐;0;0;0;0;0
响;0;0;0;0;0
潛;0;0;0;0;0
絮;0;0;0;0;0
躲;0;0;0;0;0
很;0;0;0;0;0
晓;0;0;0;0;0
擇;0;0;0;0;0
ና;0;0;0;0;0
ฏ;0;0;0;0;0
ቴ;0;0;0;0;0
ኅ;0;0;0;0;0
ሩ;0;0;0;0;0
ڌ;0;0;0;0;0
ڊ;0;0;0;0;0
ڄ;0;0;0;0;0
詮;0;0;0;0;0
把;0;0;0;0;0
宴;0;0;0;0;0
⌷;0;0;0;0;0
ڭ;0;0;0;0;0
溝;0;0;0;0;0
套;0;0;0;0;0
虽;0;0;0;0;0
端;0;0;0;0;0
贯;0;0;0;0;0
ῴ;0;0;0;0;0
ﻪ;0;0;0;0;0
짓;0;0;0;0;0
쟁;0;0;0;0;0
筝;0;0;0;0;0
軋;0;0;0;0;0
昊;0;0;0;0;0
顒;0;0;0;0;0
浚;0;0;0;0;0
ೈ;0;0;0;0;0
返;0;0;0;0;0
恂;0;0;0;0;0
۔;0;0;0;0;0
徵;0;0;0;0;0
Ͱ;0;0;0;0;0
Ϛ;0;0;0;0;0
넷;0;0;0;0;0
솔;0;0;0;0;0
첫;0;0;0;0;0
늑;0;0;0;0;0
혹;0;0;0;0;0
놈;0;0;0;0;0
멋;0;0;0;0;0
있;0;0;0;0;0
었;0;0;0;0;0
筁;0;0;0;0;0
件;0;0;0;0;0
Ŝ;0;0;0;0;0
ྙ;0;0;0;0;0
ᾠ;0;0;0;0;0
ꟸ;0;0;0;0;0
穢;0;0;0;0;0
染;0;0;0;0;0
瞻;0;0;0;0;0
돼;0;0;0;0;0
빠;0;0;0;0;0
贲;0;0;0;0;0
曠;0;0;0;0;0
琨;0;0;0;0;0
珉;0;0;0;0;0
猗;0;0;0;0;0
厝;0;0;0;0;0
艦;0;0;0;0;0
ඹ;0;0;0;0;0
ැ;0;0;0;0;0
扣;0;0;0;0;0
釀;0;0;0;0;0
ṿ;0;0;0;0;0
ൊ;0;0;0;0;0
复;0;0;0;0;0
岻;0;0;0;0;0
玲;0;0;0;0;0
劇;0;0;0;0;0
Ἕ;0;0;0;0;0
舢;0;0;0;0;0
舨;0;0;0;0;0
恤;0;0;0;0;0
貊;0;0;0;0;0
審;0;0;0;0;0
罰;0;0;0;0;0
伐;0;0;0;0;0
陘;0;0;0;0;0
仇;0;0;0;0;0
⎋;0;0;0;0;0
勱;0;0;0;0;0
驥;0;0;0;0;0
逞;0;0;0;0;0
ґ;0;0;0;0;0
葩;0;0;0;0;0
┬;0;0;0;0;0
ڽ;0;0;0;0;0
㐧;0;0;0;0;0
辶;0;0;0;0;0
⿱;0;0;0;0;0
⿰;0;0;0;0;0
囩;0;0;0;0;0
寸;0;0;0;0;0
蘒;0;0;0;0;0
艸;0;0;0;0;0
昔;0;0;0;0;0
脫;0;0;0;0;0
琓;0;0;0;0;0
谆;0;0;0;0;0
諄;0;0;0;0;0
禎;0;0;0;0;0
鄲;0;0;0;0;0
祿;0;0;0;0;0
．;0;0;0;0;0
码;0;0;0;0;0
બ;0;0;0;0;0
ો;0;0;0;0;0
Ḡ;0;0;0;0;0
嵐;0;0;0;0;0
堀;0;0;0;0;0
柤;0;0;0;0;0
ྣ;0;0;0;0;0
ǯ;0;0;0;0;0
槎;0;0;0;0;0
邱;0;0;0;0;0
藹;0;0;0;0;0
楠;0;0;0;0;0
祐;0;0;0;0;0
吕;0;0;0;0;0
硬;0;0;0;0;0
软;0;0;0;0;0
ஈ;0;0;0;0;0
寐;0;0;0;0;0
錦;0;0;0;0;0
頂;0;0;0;0;0
綻;0;0;0;0;0
魅;0;0;0;0;0
ች;0;0;0;0;0
班;0;0;0;0;0
琀;0;0;0;0;0
ㄚ;0;0;0;0;0
喇;0;0;0;0;0
哇;0;0;0;0;0
皚;0;0;0;0;0
;0;0;0;0;0
盲;0;0;0;0;0
ゾ;0;0;0;0;0
看;0;0;0;0;0
ὒ;0;0;0;0;0
규;0;0;0;0;0
畠;0;0;0;0;0
逕;0;0;0;0;0
勧;0;0;0;0;0
⟦;0;0;0;0;0
⟧;0;0;0;0;0
峠;0;0;0;0;0
眼;0;0;0;0;0
똥;0;0;0;0;0
찾;0;0;0;0;0
했;0;0;0;0;0
妞;0;0;0;0;0
弢;0;0;0;0;0
ឆ;0;0;0;0;0
ົ;0;0;0;0;0
ນ;0;0;0;0;0
ធ;0;0;0;0;0
ណ;0;0;0;0;0
爺;0;0;0;0;0
极;0;0;0;0;0
ኀ;0;0;0;0;0
珮;0;0;0;0;0
頑;0;0;0;0;0
寫;0;0;0;0;0
恨;0;0;0;0;0
莉;0;0;0;0;0
Ӯ;0;0;0;0;0
Ҟ;0;0;0;0;0
ҟ;0;0;0;0;0
Ҝ;0;0;0;0;0
畵;0;0;0;0;0
̉;0;0;0;0;0
㔨;0;0;0;0;0
匐;0;0;0;0;0
鄉;0;0;0;0;0
懽;0;0;0;0;0
眷;0;0;0;0;0
遜;0;0;0;0;0
怯;0;0;0;0;0
呆;0;0;0;0;0
畢;0;0;0;0;0
퉁;0;0;0;0;0
裨;0;0;0;0;0
ܣ;0;0;0;0;0
멥;0;0;0;0;0
떡;0;0;0;0;0
맵;0;0;0;0;0
羨;0;0;0;0;0
羣;0;0;0;0;0
雌;0;0;0;0;0
閼;0;0;0;0;0
庁;0;0;0;0;0
ગ;0;0;0;0;0
ુ;0;0;0;0;0
ં;0;0;0;0;0
並;0;0;0;0;0
べ;0;0;0;0;0
ᕋ;0;0;0;0;0
⁵;0;0;0;0;0
⍣;0;0;0;0;0
蓼;0;0;0;0;0
悅;0;0;0;0;0
囚;0;0;0;0;0
囗;0;0;0;0;0
蓝;0;0;0;0;0
锋;0;0;0;0;0
炫;0;0;0;0;0
豹;0;0;0;0;0
ᓖ;0;0;0;0;0
;0;0;0;0;0
诚;0;0;0;0;0
ḿ;0;0;0;0;0
◄;0;0;0;0;0
►;0;0;0;0;0
╟;0;0;0;0;0
╢;0;0;0;0;0
ฝ;0;0;0;0;0
峯;0;0;0;0;0
懺;0;0;0;0;0
悔;0;0;0;0;0
１;0;0;0;0;0
０;0;0;0;0;0
歴;0;0;0;0;0
謎;0;0;0;0;0
総;0;0;0;0;0
契;0;0;0;0;0
掾;0;0;0;0;0
侮;0;0;0;0;0
Ջ;0;0;0;0;0
崑;0;0;0;0;0
崙;0;0;0;0;0
舶;0;0;0;0;0
爻;0;0;0;0;0
≅;0;0;0;0;0
呉;0;0;0;0;0
↗;0;0;0;0;0
ᛅ;0;0;0;0;0
塩;0;0;0;0;0
ɴ;0;0;0;0;0
桥;0;0;0;0;0
끼;0;0;0;0;0
Ｂ;0;0;0;0;0
绿;0;0;0;0;0
존;0;0;0;0;0
취;0;0;0;0;0
려;0;0;0;0;0
燁;0;0;0;0;0
烨;0;0;0;0;0
ڕ;0;0;0;0;0
눈;0;0;0;0;0
細;0;0;0;0;0
瀬;0;0;0;0;0
ǋ;0;0;0;0;0
Ǌ;0;0;0;0;0
ǌ;0;0;0;0;0
Њ;0;0;0;0;0
钊;0;0;0;0;0
刪;0;0;0;0;0
廆;0;0;0;0;0
ぶ;0;0;0;0;0
棺;0;0;0;0;0
ⴾ;0;0;0;0;0
ⵂ;0;0;0;0;0
ⴴ;0;0;0;0;0
篭;0;0;0;0;0
侵;0;0;0;0;0
掠;0;0;0;0;0
階;0;0;0;0;0
ڙ;0;0;0;0;0
ڻ;0;0;0;0;0
释;0;0;0;0;0
亲;0;0;0;0;0
喪;0;0;0;0;0
妨;0;0;0;0;0
冚;0;0;0;0;0
鏟;0;0;0;0;0
夠;0;0;0;0;0
哂;0;0;0;0;0
峽;0;0;0;0;0
尙;0;0;0;0;0
︎;0;0;0;0;0
贩;0;0;0;0;0
읍;0;0;0;0;0
⚧;0;0;0;0;0
渕;0;0;0;0;0
劝;0;0;0;0;0
丰;0;0;0;0;0
邛;0;0;0;0;0
騫;0;0;0;0;0
ର;0;0;0;0;0
ବ;0;0;0;0;0
ۀ;0;0;0;0;0
奚;0;0;0;0;0
詔;0;0;0;0;0
΄;0;0;0;0;0
仓;0;0;0;0;0
旨;0;0;0;0;0
供;0;0;0;0;0
诗;0;0;0;0;0
瓌;0;0;0;0;0
覓;0;0;0;0;0
挺;0;0;0;0;0
攬;0;0;0;0;0
擢;0;0;0;0;0
론;0;0;0;0;0
벽;0;0;0;0;0
골;0;0;0;0;0
든;0;0;0;0;0
벨;0;0;0;0;0
舒;0;0;0;0;0
剌;0;0;0;0;0
溧;0;0;0;0;0
圳;0;0;0;0;0
系;0;0;0;0;0
亿;0;0;0;0;0
敢;0;0;0;0;0
输;0;0;0;0;0
赢;0;0;0;0;0
曦;0;0;0;0;0
努;0;0;0;0;0
분;0;0;0;0;0
增;0;0;0;0;0
Ὠ;0;0;0;0;0
番;0;0;0;0;0
骑;0;0;0;0;0
倍;0;0;0;0;0
邏;0;0;0;0;0
衢;0;0;0;0;0
啘;0;0;0;0;0
쇠;0;0;0;0;0
담;0;0;0;0;0
춤;0;0;0;0;0
모;0;0;0;0;0
듬;0;0;0;0;0
焉;0;0;0;0;0
耆;0;0;0;0;0
ޖ;0;0;0;0;0
ޔ;0;0;0;0;0
遷;0;0;0;0;0
測;0;0;0;0;0
柄;0;0;0;0;0
箱;0;0;0;0;0
榎;0;0;0;0;0
❤;0;0;0;0;0
ጠ;0;0;0;0;0
ཅ;0;0;0;0;0
ྤ;0;0;0;0;0
ኢ;0;0;0;0;0
ሉ;0;0;0;0;0
ቦ;0;0;0;0;0
业;0;0;0;0;0
禧;0;0;0;0;0
嘲;0;0;0;0;0
螺;0;0;0;0;0
貼;0;0;0;0;0
药;0;0;0;0;0
ֿ;0;0;0;0;0
苞;0;0;0;0;0
拿;0;0;0;0;0
见;0;0;0;0;0
違;0;0;0;0;0
Ṉ;0;0;0;0;0
ဗ;0;0;0;0;0
瓘;0;0;0;0;0
贺;0;0;0;0;0
补;0;0;0;0;0
亚;0;0;0;0;0
蓄;0;0;0;0;0
蝕;0;0;0;0;0
堰;0;0;0;0;0
｠;0;0;0;0;0
脇;0;0;0;0;0
菖;0;0;0;0;0
Ꮤ;0;0;0;0;0
Ꭻ;0;0;0;0;0
菴;0;0;0;0;0
幾;0;0;0;0;0
聡;0;0;0;0;0
踐;0;0;0;0;0
❲;0;0;0;0;0
❳;0;0;0;0;0
ޑ;0;0;0;0;0
煜;0;0;0;0;0
玥;0;0;0;0;0
̒;0;0;0;0;0
裴;0;0;0;0;0
仃;0;0;0;0;0
歺;0;0;0;0;0
丠;0;0;0;0;0
ｱ;0;0;0;0;0
ﾆ;0;0;0;0;0
ｰ;0;0;0;0;0
ﾀ;0;0;0;0;0
只;0;0;0;0;0
触;0;0;0;0;0
呑;0;0;0;0;0
嘯;0;0;0;0;0
匠;0;0;0;0;0
顔;0;0;0;0;0
寳;0;0;0;0;0
ዐ;0;0;0;0;0
ቸ;0;0;0;0;0
Ⱂ;0;0;0;0;0
Ⱃ;0;0;0;0;0
Ⱁ;0;0;0;0;0
Ⰳ;0;0;0;0;0
Ⰾ;0;0;0;0;0
Ⰰ;0;0;0;0;0
Ⱄ;0;0;0;0;0
Ⱏ;0;0;0;0;0
奪;0;0;0;0;0
欲;0;0;0;0;0
Ʞ;0;0;0;0;0
与;0;0;0;0;0
奏;0;0;0;0;0
钢;0;0;0;0;0
Ṽ;0;0;0;0;0
ᒪ;0;0;0;0;0
ᐁ;0;0;0;0;0
ᐋ;0;0;0;0;0
ᐞ;0;0;0;0;0
ᕓ;0;0;0;0;0
ᕕ;0;0;0;0;0
ᕗ;0;0;0;0;0
ᕙ;0;0;0;0;0
ᕝ;0;0;0;0;0
ᕞ;0;0;0;0;0
ᕠ;0;0;0;0;0
ᕤ;0;0;0;0;0
ᕦ;0;0;0;0;0
ᕪ;0;0;0;0;0
ᑌ;0;0;0;0;0
ᐟ;0;0;0;0;0
ᔐ;0;0;0;0;0
ᔑ;0;0;0;0;0
ᔓ;0;0;0;0;0
ᔕ;0;0;0;0;0
ᣟ;0;0;0;0;0
ᢹ;0;0;0;0;0
ᔾ;0;0;0;0;0
讲;0;0;0;0;0
处;0;0;0;0;0
쇼;0;0;0;0;0
ӝ;0;0;0;0;0
ӟ;0;0;0;0;0
ӵ;0;0;0;0;0
ẍ;0;0;0;0;0
Ẅ;0;0;0;0;0
ẅ;0;0;0;0;0
腳;0;0;0;0;0
ഫ;0;0;0;0;0
롯;0;0;0;0;0
데;0;0;0;0;0
ﺭ;0;0;0;0;0
ﻭ;0;0;0;0;0
ਟ;0;0;0;0;0
ਓ;0;0;0;0;0
什;0;0;0;0;0
么;0;0;0;0;0
姆;0;0;0;0;0
鳯;0;0;0;0;0
鷄;0;0;0;0;0
鹵;0;0;0;0;0
흣;0;0;0;0;0
뿌;0;0;0;0;0
릴;0;0;0;0;0
며;0;0;0;0;0
별;0;0;0;0;0
난;0;0;0;0;0
꿈;0;0;0;0;0
鑼;0;0;0;0;0
ѝ;0;0;0;0;0
倩;0;0;0;0;0
鱷;0;0;0;0;0
则;0;0;0;0;0
仕;0;0;0;0;0
Է;0;0;0;0;0
仆;0;0;0;0;0
妄;0;0;0;0;0
禽;0;0;0;0;0
兽;0;0;0;0;0
类;0;0;0;0;0
犹;0;0;0;0;0
활;0;0;0;0;0
않;0;0;0;0;0
럼;0;0;0;0;0
척;0;0;0;0;0
잃;0;0;0;0;0
살;0;0;0;0;0
靚;0;0;0;0;0
₃;0;0;0;0;0
ۓ;0;0;0;0;0
紐;0;0;0;0;0
밀;0;0;0;0;0
瑟;0;0;0;0;0
樁;0;0;0;0;0
작;0;0;0;0;0
센;0;0;0;0;0
醬;0;0;0;0;0
渊;0;0;0;0;0
ஜ;0;0;0;0;0
斛;0;0;0;0;0
筠;0;0;0;0;0
屈;0;0;0;0;0
突;0;0;0;0;0
甑;0;0;0;0;0
ϛ;0;0;0;0;0
楞;0;0;0;0;0
戯;0;0;0;0;0
巾;0;0;0;0;0
ඕ;0;0;0;0;0
ථ;0;0;0;0;0
炬;0;0;0;0;0
策;0;0;0;0;0
Ʌ;0;0;0;0;0
ㅅ;0;0;0;0;0
Ꝋ;0;0;0;0;0
ꝋ;0;0;0;0;0
⦵;0;0;0;0;0
Ʉ;0;0;0;0;0
曄;0;0;0;0;0
績;0;0;0;0;0
緣;0;0;0;0;0
Ҫ;0;0;0;0;0
鷹;0;0;0;0;0
Ế;0;0;0;0;0
坐;0;0;0;0;0
ᐘ;0;0;0;0;0
ᒋ;0;0;0;0;0
ᐠ;0;0;0;0;0
岔;0;0;0;0;0
贝;0;0;0;0;0
屏;0;0;0;0;0
枝;0;0;0;0;0
ɷ;0;0;0;0;0
ຊ;0;0;0;0;0
娛;0;0;0;0;0
순;0;0;0;0;0
伶;0;0;0;0;0
災;0;0;0;0;0
濛;0;0;0;0;0
谯;0;0;0;0;0
褚;0;0;0;0;0
灞;0;0;0;0;0
赭;0;0;0;0;0
圻;0;0;0;0;0
郗;0;0;0;0;0
竺;0;0;0;0;0
炅;0;0;0;0;0
唏;0;0;0;0;0
득;0;0;0;0;0
좌;0;0;0;0;0
익;0;0;0;0;0
翊;0;0;0;0;0
麸;0;0;0;0;0
宵;0;0;0;0;0
孚;0;0;0;0;0
℗;0;0;0;0;0
臯;0;0;0;0;0
Ɖ;0;0;0;0;0
ḡ;0;0;0;0;0
ܓ;0;0;0;0;0
虔;0;0;0;0;0
绍;0;0;0;0;0
ॆ;0;0;0;0;0
ॊ;0;0;0;0;0
臚;0;0;0;0;0
欽;0;0;0;0;0
⊤;0;0;0;0;0
Ǧ;0;0;0;0;0
禅;0;0;0;0;0
岬;0;0;0;0;0
熏;0;0;0;0;0
絳;0;0;0;0;0
虢;0;0;0;0;0
塞;0;0;0;0;0
९;0;0;0;0;0
७;0;0;0;0;0
賦;0;0;0;0;0
疏;0;0;0;0;0
梵;0;0;0;0;0
毘;0;0;0;0;0
毗;0;0;0;0;0
卽;0;0;0;0;0
旻;0;0;0;0;0
鞋;0;0;0;0;0
旺;0;0;0;0;0
ᚨ;0;0;0;0;0
濠;0;0;0;0;0
郢;0;0;0;0;0
Ꮻ;0;0;0;0;0
Ꮜ;0;0;0;0;0
Ꮝ;0;0;0;0;0
依;0;0;0;0;0
奸;0;0;0;0;0
谭;0;0;0;0;0
丑;0;0;0;0;0
沛;0;0;0;0;0
杓;0;0;0;0;0
佔;0;0;0;0;0
牟;0;0;0;0;0
ṱ;0;0;0;0;0
倕;0;0;0;0;0
鄶;0;0;0;0;0
墾;0;0;0;0;0
ޝ;0;0;0;0;0
ǭ;0;0;0;0;0
ṝ;0;0;0;0;0
瀚;0;0;0;0;0
鹃;0;0;0;0;0
啸;0;0;0;0;0
诺;0;0;0;0;0
桅;0;0;0;0;0
ḭ;0;0;0;0;0
ḛ;0;0;0;0;0
ṵ;0;0;0;0;0
ᒐ;0;0;0;0;0
ᓛ;0;0;0;0;0
융;0;0;0;0;0
缽;0;0;0;0;0
钵;0;0;0;0;0
誼;0;0;0;0;0
俞;0;0;0;0;0
连;0;0;0;0;0
拾;0;0;0;0;0
蘊;0;0;0;0;0
隧;0;0;0;0;0
४;0;0;0;0;0
३;0;0;0;0;0
琥;0;0;0;0;0
珀;0;0;0;0;0
垣;0;0;0;0;0
柿;0;0;0;0;0
Ȟ;0;0;0;0;0
질;0;0;0;0;0
답;0;0;0;0;0
靑;0;0;0;0;0
炉;0;0;0;0;0
증;0;0;0;0;0
證;0;0;0;0;0
券;0;0;0;0;0
恕;0;0;0;0;0
聾;0;0;0;0;0
昉;0;0;0;0;0
鵜;0;0;0;0;0
営;0;0;0;0;0
措;0;0;0;0;0
邪;0;0;0;0;0
禹;0;0;0;0;0
麟;0;0;0;0;0
尤;0;0;0;0;0
箋;0;0;0;0;0
詡;0;0;0;0;0
̮;0;0;0;0;0
̠;0;0;0;0;0
庸;0;0;0;0;0
Ｊ;0;0;0;0;0
Ａ;0;0;0;0;0
繁;0;0;0;0;0
頹;0;0;0;0;0
篡;0;0;0;0;0
Ѡ;0;0;0;0;0
Ȣ;0;0;0;0;0
련;0;0;0;0;0
葵;0;0;0;0;0
聂;0;0;0;0;0
结;0;0;0;0;0
务;0;0;0;0;0
漆;0;0;0;0;0
ぴ;0;0;0;0;0
ᒻ;0;0;0;0;0
ᒥ;0;0;0;0;0
ᖏ;0;0;0;0;0
ᒡ;0;0;0;0;0
剝;0;0;0;0;0
菹;0;0;0;0;0
翠;0;0;0;0;0
酸;0;0;0;0;0
칼;0;0;0;0;0
텍;0;0;0;0;0
맥;0;0;0;0;0
커;0;0;0;0;0
Ꮩ;0;0;0;0;0
Ꮲ;0;0;0;0;0
Ҁ;0;0;0;0;0
ҁ;0;0;0;0;0
豚;0;0;0;0;0
萃;0;0;0;0;0
애;0;0;0;0;0
捕;0;0;0;0;0
帽;0;0;0;0;0
년;0;0;0;0;0
淸;0;0;0;0;0
염;0;0;0;0;0
睾;0;0;0;0;0
觚;0;0;0;0;0
頻;0;0;0;0;0
短;0;0;0;0;0
啤;0;0;0;0;0
采;0;0;0;0;0
按;0;0;0;0;0
鳅;0;0;0;0;0
赋;0;0;0;0;0
Ⓥ;0;0;0;0;0
Ẁ;0;0;0;0;0
된;0;0;0;0;0
잠;0;0;0;0;0
隸;0;0;0;0;0
냥;0;0;0;0;0
푼;0;0;0;0;0
貨;0;0;0;0;0
괘;0;0;0;0;0
蹄;0;0;0;0;0
합;0;0;0;0;0
ῃ;0;0;0;0;0
ὗ;0;0;0;0;0
怌;0;0;0;0;0
鑒;0;0;0;0;0
眭;0;0;0;0;0
现;0;0;0;0;0
夾;0;0;0;0;0
莒;0;0;0;0;0
藕;0;0;0;0;0
敘;0;0;0;0;0
虘;0;0;0;0;0
職;0;0;0;0;0
注;0;0;0;0;0
墜;0;0;0;0;0
殥;0;0;0;0;0
ఖ;0;0;0;0;0
ఞ;0;0;0;0;0
۱;0;0;0;0;0
۳;0;0;0;0;0
۷;0;0;0;0;0
۴;0;0;0;0;0
խ;0;0;0;0;0
⅝;0;0;0;0;0
ⵃ;0;0;0;0;0
ⵛ;0;0;0;0;0
ḑ;0;0;0;0;0
♮;0;0;0;0;0
韞;0;0;0;0;0
珣;0;0;0;0;0
琰;0;0;0;0;0
ၚ;0;0;0;0;0
ၠ;0;0;0;0;0
桌;0;0;0;0;0
敞;0;0;0;0;0
熟;0;0;0;0;0
遣;0;0;0;0;0
鴦;0;0;0;0;0
;0;0;0;0;0
̴;0;0;0;0;0
闻;0;0;0;0;0
资;0;0;0;0;0
讯;0;0;0;0;0
槻;0;0;0;0;0
Ꮔ;0;0;0;0;0
芦;0;0;0;0;0
룽;0;0;0;0;0
亩;0;0;0;0;0
鲜;0;0;0;0;0
絞;0;0;0;0;0
키;0;0;0;0;0
텔;0;0;0;0;0
ᵗ;0;0;0;0;0
练;0;0;0;0;0
机;0;0;0;0;0
̺;0;0;0;0;0
플;0;0;0;0;0
셔;0;0;0;0;0
茲;0;0;0;0;0
途;0;0;0;0;0
네;0;0;0;0;0
潭;0;0;0;0;0
뚜;0;0;0;0;0
띠;0;0;0;0;0
邀;0;0;0;0;0
緒;0;0;0;0;0
腹;0;0;0;0;0
ዩ;0;0;0;0;0
ኒ;0;0;0;0;0
ቨ;0;0;0;0;0
緯;0;0;0;0;0
譙;0;0;0;0;0
耕;0;0;0;0;0
肠;0;0;0;0;0
喱;0;0;0;0;0
˜;0;0;0;0;0
ஃ;0;0;0;0;0
ਡ;0;0;0;0;0
侠;0;0;0;0;0